fiscal,567
â,300
other,252
net,210
not,195
financial,178
total,121
related,100
due,100
primarily,99
fair,89
current,88
year-over-year,84
non-gaap,78
respectively,77
such,73
new,72
also,71
fair value,70
certain,69
gross,69
fiscal year,68
net revenue,64
generally,60
foreign,59
global,53
as,52
common,51
outstanding,51
large,50
approximately,50
well,48
future,48
commercial,46
intangible,46
additional,45
gross margin,45
deferred,45
various,44
prior,44
effective,44
intangible assets,42
significant,41
common stock,38
net income,37
consolidated,36
long-term,36
subject,35
œpart,34
fiscal years,34
large enterprise,33
foreign currency,33
senior,32
acquisition-related,31
revolving,31
financial statements,30
internal,30
restricted stock,30
restricted,30
more,28
currently,28
attributable,28
available,27
derivative,27
average,26
reasonable,25
% year-over-year,25
stock-based,25
corporate,24
third-party,24
principal,23
annual,23
further,23
economic,23
strategic,23
internal control,23
deferred tax,23
financial reporting,23
legal,22
overall,22
specific,22
financial measures,22
other net,22
commercial paper,22
most,21
fiscal quarter,21
acquisition-related charges,21
new guidance,21
responsible,20
adversely,20
quarterly,19
structured,19
past,18
not be,18
many,18
small,18
first,18
historical,18
weighted-average,18
competitive,17
comprehensive,17
typically,17
fixed-term,17
limited,17
regulatory,17
administrative,17
year-over-year increase,17
structured financing,17
prior year,16
primarily due,16
% due,16
stock-based compensation,16
pursuant,15
intellectual property,15
intellectual,15
single,15
short-term,15
additional information,15
substantially,15
contractual,15
basic,15
non-gaap operating,15
first quarter,15
doubtful,15
non-current,15
fair values,15
probable,15
only,14
multiple,14
partially,14
primarily attributable,14
doubtful accounts,14
receivable,14
extended,14
similar,13
financial services,13
comparable,13
software related,13
largely,13
forth,12
worldwide,12
international,12
special,12
federal,12
reasonably,12
favorable,12
potential,12
third,12
fourth,12
general,12
derivative instruments,12
partially offset,12
high,11
recent,11
stand-alone,11
direct,11
relative,11
financial condition,11
long-term debt,11
aggregate,11
otherwise,10
directly,10
efficient,10
primarily related,10
ongoing,10
standard,10
governmental,10
reliable,10
previously,10
actual,10
adversely affect,10
adverse,10
economic conditions,10
negatively,10
however,10
forward,10
effective tax,10
anticipated,10
fourth quarter,10
shares outstanding,10
average selling,10
non-gaap basis,10
therefore,10
acquisition-related costs,10
revolving loans,10
extended warranty,10
comprehensive income,10
notes due,10
herein,9
financial position,9
different,9
appropriate,9
consistent,9
increasingly,9
early,9
several,9
environmental,9
sensitive,9
likely,9
unable,9
gross margins,9
necessary,9
unfavorable,9
performance-based,9
non-gaap adjustments,9
further discussion,9
other securities,9
payable,9
non-current liabilities,9
variable,9
observable,9
residual,9
legal proceedings,8
materially,8
broad,8
innovative,8
effectively,8
transactional,8
technical,8
geographic,8
public,8
external,8
subsequent,8
temporary,8
able,8
adversely affected,8
successful,8
applicable,8
foreign exchange,8
primarily driven,8
total debt,8
third quarter,8
uncertain,8
second,8
special purpose,8
separate,8
reasonable assurance,8
unrealized,8
common shares,8
final,8
german,8
unrecognized,8
critical,7
reportable,7
wide,7
higher-value,7
relevant,7
particular,7
local,7
regulatory activities,7
respective,7
significantly,7
key,7
strategic initiatives,7
present,7
particularly,7
identifiable,7
hard,7
same,7
weighted-average shares,7
financial measure,7
comparable gaap,7
related â,7
useful,7
accordingly,7
more likely,7
collectively,7
not expect,7
fixed,7
thereafter,7
hedge,7
straight-line,7
inherent,7
contingent,7
equal,7
long-lived,7
last,6
forward-looking,6
located,6
globally,6
medium-sized businesses,6
medium-sized,6
financial information,6
dell-owned storage,6
dell-owned,6
project-based,6
commercial customers,6
strong,6
other companies,6
regular,6
even,6
financial performance,6
financial markets,6
european,6
negative,6
major,6
ordinary course,6
ordinary,6
square feet,6
square,6
adequate,6
non-gaap earnings,6
unchanged,6
commercial segments,6
absolute,6
not included,6
slight,6
individual,6
statutory,6
expected,6
primary,6
unsecured,6
not have,6
accounts payable,6
current assets,6
essential,6
historical experience,6
straight-line basis,6
deferred services,6
unrealized gain,6
long-lived assets,6
financial instruments,6
senior debentures,6
current portion,6
increases related,6
prior years,6
intrinsic value,6
intrinsic,6
non-vested,6
principal executive,5
definitive,5
quantitative,5
broad range,5
educational,5
scalable,5
wide range,5
full,5
flexible,5
often,5
digital,5
above,5
private,5
select,5
collaborative,5
quickly,5
limited-source,5
possible,5
integral,5
open,5
free,5
commercially,5
meaningful,5
moreover,5
actual results,5
less,5
additionally,5
timely,5
alternative,5
normal course,5
normal,5
potentially,5
financial institutions,5
sovereign,5
effective manner,5
substantial,5
natural,5
certain conditions,5
next,5
generally accepted,5
œnon-gaap,5
essentially unchanged,5
essentially,5
largely attributable,5
other discounts,5
compensation-related expenses,5
compensation-related,5
not believe,5
other fees,5
flat,5
stand-alone sales,5
detailed,5
uncollectible,5
periodic,5
revolving credit,5
uncertain tax,5
hedge accounting,5
minimum,5
subsequently,5
net assets,5
impaired,5
variable interest,5
monetary assets,5
monetary,5
other liabilities,5
net asset,5
accretable yield,5
accretable,5
final approval,5
unrecognized tax,5
approximate,4
other distribution,4
end-to-end,4
organic,4
innovative solutions,4
own,4
stand-alone basis,4
significant portion,4
peripheral,4
total cost,4
mobile,4
highly,4
functional,4
non-u.s.,4
continued,4
social,4
governmental agencies,4
numerous,4
other countries,4
proprietary,4
other information,4
regular employees,4
short,4
global business,4
low,4
incremental,4
weak,4
negatively affected,4
difficult,4
unfavorably,4
sufficient,4
regularly,4
seasonal,4
macroeconomic,4
similarly,4
confidential,4
personal,4
then,4
fair market,4
technical support,4
cumulative,4
total assets,4
consolidated results,4
administrative expenses,4
significantly impacted,4
absolute dollars,4
slightly,4
net cost,4
total operating,4
favorably,4
items such,4
year-over-year due,4
relatively,4
deferred revenue,4
taxable income,4
taxable,4
temporary differences,4
accounts receivable,4
fixed-term leases,4
asset-backed,4
receivable losses,4
contractual cash,4
internally generated,4
internally,4
as necessary,4
financial statement,4
original,4
up,4
revolving loan,4
yet,4
critical accounting,4
reliable estimates,4
reliable estimate,4
in-process research,4
in-process,4
indefinite-lived,4
estimated,4
long-term investments,4
integral part,4
excess,4
net tax,4
separately,4
credit-related,4
residual interest,4
effective portion,4
related costs,4
extended warranties,4
deliverable,4
previous,4
sales-type,4
basic earnings,4
diluted earnings,4
diluted,4
requisite service,4
requisite,4
observable market,4
revolving â,4
five-year,4
non-current portion,4
net operating,4
non-income,4
outstanding â,4
œproposal,4
sensitive information,4
par value,3
par,3
electronically,3
qualitative,3
forward-looking statements,3
unanticipated,3
œdellâ,3
consolidated subsidiaries,3
accessible,3
end-to-end technology,3
large global,3
national,3
educational institutions,3
cents small,3
high quality,3
high performance,3
recently,3
efficiently,3
advanced,3
important,3
strategic transformation,3
definitive agreement,3
dell-related,3
desirable,3
strategic relationships,3
customer-focused,3
multiple sources,3
not available,3
single source,3
limited number,3
advantageous,3
complex,3
rapid,3
retail,3
value-added resellers,3
value-added,3
other sales,3
thereby,3
social media,3
dependent,3
exclusive,3
governmental authorities,3
also served,3
executive,3
also responsible,3
later,3
future periods,3
intense,3
now,3
non-trade,3
favorable pricing,3
competitive environment,3
negatively affect,3
sovereign debt,3
new distribution,3
inadequate,3
not successful,3
new products,3
attractive,3
geographic sales,3
seasonal sales,3
particular period,3
recent years,3
direct sales,3
economic environment,3
accurately,3
other third-parties,3
contractual obligations,3
unfavorable outcomes,3
effective income,3
various tax,3
whole,3
not met,3
internal controls,3
natural disasters,3
public health,3
severe flooding,3
severe,3
hard disk,3
financial results,3
not anticipate,3
share-based,3
necessarily,3
indicative,3
net cash,3
not presented,3
% total,3
% non-gaap,3
budgetary constraints,3
budgetary,3
total cash,3
hard drive,3
long,3
favorable changes,3
overall decrease,3
materially affected,3
administrative â,3
promotional,3
also included,3
certain items,3
meaningful evaluation,3
current operating,3
past operating,3
combined,3
long-term incentive,3
global segments,3
third-party storage,3
points year-over-year,3
year-over-year decrease,3
overall increase,3
largely offset,3
year-over-year increases,3
slight increase,3
improved,3
relatively flat,3
flat year-over-year,3
initially,3
other factors,3
related support,3
commercial mobility,3
stock-based incentive,3
statutory rate,3
adequately reserved,3
adequately,3
internationally,3
customary,3
securitized receivables,3
securitized,3
active,3
respective periods,3
individually,3
domestically,3
predictable,3
principal amount,3
senior notes,3
domestic,3
federal income,3
original maturities,3
senior unsecured,3
most recent,3
yet recognized,3
current quarter,3
not expected,3
reliably,3
not include,3
relative selling,3
established,3
net basis,3
gross basis,3
useful life,3
reportable business,3
second quarter,3
limited warranty,3
standard warranties,3
already,3
future tax,3
reasonably estimate,3
reasonably estimated,3
fairly,3
short-term debt,3
current liabilities,3
total liabilities,3
other assets,3
wholly-owned,3
outstanding shares,3
credit-related loss,3
amount equal,3
fixed-term lease,3
independent,3
international subsidiaries,3
functional currency,3
fully,3
deliverable arrangements,3
sales-type leases,3
dilutive,3
corporate â,3
international corporate,3
significant inputs,3
special programs,3
future maturities,3
weighted,3
consolidated vies,3
originally filed,3
originally,3
ineffective portion,3
ineffective,3
total purchase,3
contingent consideration,3
consideration related,3
former,3
pre-tax,3
pre-existing warranties,3
pre-existing,3
false,3
such amounts,3
current year,3
various jurisdictions,3
non-income tax,3
five-year period,3
recipient,3
exercisable,3
options outstanding,3
long-term incentives,3
foreign countries,3
financial officer,3
duly,3
such filing,2
yes,2
delinquent,2
definitive proxy,2
non-accelerated filer,2
non-accelerated,2
annual meeting,2
unresolved staff,2
unresolved,2
common equity,2
forward-looking statement,2
such statement,2
unanticipated events,2
otherwise noted,2
global information,2
more efficient,2
more accessible,2
corporate headquarters,2
few,2
end-user computing,2
end-user,2
inorganic investments,2
inorganic,2
customer-centric,2
corporate businesses,2
remote,2
early fiscal,2
varied,2
recent acquisitions,2
configurable,2
product-related support,2
product-related,2
closely tied,2
closely,2
dell-branded printers,2
dell-branded,2
peripheral products,2
other products,2
higher-value offerings,2
small businesses,2
professional,2
sophisticated,2
mobile workstations,2
newly formed,2
newly,2
various financing,2
private label,2
also continue,2
select countries,2
desirable features,2
collaborative approach,2
direct customer,2
global network,2
new system,2
future development,2
new technologies,2
most valuable,2
valuable,2
customer-focused approach,2
relevant products,2
total number,2
faster,2
also applied,2
quality control,2
quality,2
various stages,2
single-source,2
other cases,2
so,2
many countries,2
geographic regions,2
complex product,2
technological advances,2
technological,2
branded,2
generic competitors,2
generic,2
customers competitive,2
most current,2
single customer,2
net promoter,2
patented,2
substantially dependent,2
other trademarks,2
exclusive patent,2
other stakeholders,2
environmentally,2
thereby reducing,2
annual reports,2
reasonably practicable,2
practicable,2
total employees,2
temporary employees,2
annually,2
worldwide engineering,2
top,2
various executive,2
immediately,2
significant risks,2
additional risks,2
intense competition,2
several single-source,2
readily,2
timely manner,2
significant concentration,2
defective,2
continuous,2
periodically,2
cents adverse,2
adverse global,2
weak global,2
negatively impact,2
successfully,2
regulatory requirements,2
new solutions,2
extensive,2
substantial non-u.s.,2
future growth,2
political,2
foreign operations,2
geographic markets,2
significant impact,2
future operating,2
corporate purposes,2
such markets,2
unfavorably affect,2
major credit,2
cents weak,2
additional regulation,2
insolvent,2
eventually,2
not meet,2
commercially reasonable,2
competitive terms,2
substantial costs,2
contractually,2
profitable,2
reputational harm,2
reputational,2
other data,2
confidential information,2
proprietary information,2
confidential data,2
routinely,2
foregoing,2
potential customers,2
favorable tax,2
other tax,2
unfavorable outcome,2
available funds,2
such investments,2
unfavorable results,2
various claims,2
elsewhere,2
antitrust,2
other issues,2
global basis,2
inherently unpredictable,2
inherently,2
unpredictable,2
non-infringing technology,2
non-infringing,2
reasonable terms,2
key personnel,2
regulatory laws,2
other costs,2
never,2
immediate,2
unspecified amount,2
unspecified,2
future share,2
same period,2
more representative,2
representative,2
necessarily indicative,2
previously filed,2
short-term borrowings,2
total stockholdersâ,2
vast majority,2
vast,2
disciplined,2
œgaapâ,2
additional week,2
consolidated operating,2
higher-value products,2
flexible supply,2
efficient cash,2
weakened demand,2
weakened,2
regional,2
comprehensive hedging,2
further information,2
dollars year-over-year,2
favorable component,2
ongoing negotiations,2
past pricing,2
severance-related expenses,2
severance-related,2
also experienced,2
promotional expenses,2
positively impacted,2
positively,2
œincome,2
œinterest,2
other netâ,2
netâ,2
reflective,2
aggregate adjustment,2
such items,2
unusual,2
not reflect,2
strategic acquisitions,2
vesting period,2
vesting,2
inconsistent,2
non-compete,2
consequently,2
public spending,2
principally,2
largely due,2
ultimately,2
stand-alone software,2
ª,2
year-over-year revenue,2
longer-duration investments,2
longer-duration,2
overall investment,2
other taxes,2
income attributable,2
foreign earnings,2
foreign income,2
significant tax,2
permanent,2
statutory tax,2
thereof,2
available evidence,2
identifiable customer,2
bad debt,2
bad,2
dell-related financing,2
customary closing,2
other conditions,2
other sources,2
multi-seller conduits,2
multi-seller,2
asset-backed debt,2
corresponding,2
total portfolio,2
commercial accounts,2
anticipated experience,2
due receivables,2
receivable type,2
off-balance,2
fixed income,2
periodic evaluations,2
primary source,2
actively,2
liquid,2
foreign tax,2
federal tax,2
principal cash,2
financial assets,2
notes outstanding,2
paper outstanding,2
annual renewal,2
sales outstanding,2
average number,2
quarterly cost,2
average cost,2
strategic purchases,2
commercial business,2
long term,2
global expansion,2
several suppliers,2
efficient supply,2
mutually,2
beneficial purchase,2
beneficial,2
raw materials,2
raw,2
other goods,2
leases obligate,2
obligate,2
significant terms,2
minimum quantities,2
variable price,2
approximate timing,2
rather,2
multiple elements,2
realizable,2
persuasive evidence,2
persuasive,2
determinable,2
reasonably assured,2
specific software,2
not essential,2
objective evidence,2
objective,2
third-party evidence,2
œtpeâ,2
œespâ,2
generally available,2
similar products,2
similarly situated,2
other customer,2
contractual terms,2
current conditions,2
primary factors,2
not expired,2
reliably estimated,2
not recognized,2
primarily made,2
limited rights,2
limited return,2
contractual caps,2
established selling,2
sufficient data,2
not limited,2
subsequently recognized,2
not obligated,2
other revenue,2
revenue-based taxes,2
revenue-based,2
concurrent,2
revenue-producing transactions,2
revenue-producing,2
detailed analysis,2
intangible asset,2
significant estimates,2
annual basis,2
sooner,2
discounted cash,2
discounted,2
other current,2
specific warranty,2
anticipated rates,2
anticipated rate,2
primary factor,2
less significant,2
significant due,2
aggregate warranty,2
covered,2
pre-determined prices,2
pre-determined,2
generally arranged,2
pre-established amounts,2
pre-established,2
different treatment,2
global tax,2
related appeals,2
technical merits,2
administrative practices,2
expense related,2
adequate reserves,2
various losses,2
estimated loss,2
current information,2
information available,2
such accruals,2
new accruals,2
other â,2
qualitative factors,2
quantitative analysis,2
quantitative test,2
optional,2
foreign currencies,2
forecasted transactions,2
forecasted,2
underlying,2
risk related,2
external purposes,2
reasonable detail,2
timely detection,2
unauthorized acquisition,2
unauthorized,2
inherent limitations,2
short-term investments,2
short-term financing,2
non-current assets,2
wholly-owned subsidiary,2
together,2
fiscal year-end,2
receivables due,2
observable inputs,2
specific identification,2
expected cash,2
probable losses,2
residual values,2
financial interest,2
eligible,2
recoverable,2
future cash,2
useful lives,2
potential impairment,2
current rates,2
not use,2
regular intervals,2
cumulative change,2
derivative instrument,2
periodic change,2
not designated,2
financial instrument,2
net revenues,2
revenue related,2
complete,2
undelivered elements,2
undelivered,2
essential software,2
residual method,2
generally based,2
generally sold,2
minimum lease,2
weighted-average effect,2
weighted-average number,2
potentially dilutive,2
such instruments,2
anti-dilutive,2
new disclosures,2
not permitted,2
additional disclosures,2
active markets,2
quarterly basis,2
benchmark,2
net liability,2
following,2
prime,2
outstanding balance,2
revolving fixed-term,2
fixed-term total,2
total revolving,2
term total,2
days past,2
past due,2
days total,2
direct finance,2
credit-impaired,2
prospective,2
internal credit,2
middle,2
fixed-term â,2
structural features,2
structural,2
average interest,2
related debt,2
certain agreements,2
back,2
derivative contracts,2
economically,2
notional amounts,2
notional,2
outstanding derivative,2
net â,2
other currentassets,2
currentassets other,2
other non-currentliabilities,2
total derivatives,2
respective assets,2
detailed analyses,2
subsequent changes,2
material,2
retroactively,2
goodwill related,2
not deductible,2
deductible,2
unvested stock,2
unvested,2
unaudited,2
net sales,2
finite-lived,2
limited warranties,2
new warranty,2
non-cancelable leases,2
non-cancelable,2
legal matters,2
new information,2
probable outcomes,2
such determination,2
not probable,2
not been,2
other proceedings,2
alleged,2
independent registered,2
registered,2
public accounting,2
german subsidiary,2
personal computers,2
digital devices,2
estimable,2
not accrued,2
amounts due,2
such proceedings,2
ultimate resolution,2
ultimate,2
compensatory,2
allegedly,2
adverse effect,2
final products,2
not recognize,2
net settlement,2
state/local,2
deferred compensation,2
excess book,2
periods open,2
preferred stock,2
preferred,2
previous plans,2
collectively referred,2
œstock,2
non-employee directors,2
non-employee,2
non-qualified,2
vested,2
total pre-tax,2
weighted-average period,2
market-based condition,2
market-based,2
risk-free interest,2
risk-free,2
historical volatility,2
weighted-average grant,2
tables present,2
not absolute,2
similar functions,2
œadditional information,2
œadditional,2
œexecutive,2
duly authorized,2
debentures due,2
exact name,1
exact,1
other jurisdiction,1
well-known,1
seasoned issuer,1
seasoned,1
not required,1
reports pursuant,1
such reports,1
corporate web,1
such files,1
delinquent filers,1
filers pursuant,1
not contained,1
œlarge,1
œaccelerated filer,1
œaccelerated,1
œsmaller reporting,1
œsmaller,1
not check,1
approximate aggregate,1
last sale,1
such date,1
stock outstanding,1
not set,1
such proxy,1
qualitative disclosures,1
financial disclosure,1
forward-looking statementsthis,1
œforward-looking statements.â,1
œforward-looking,1
statements.â,1
œmay â,1
œmay,1
œwill â,1
œwill,1
œanticipate â,1
œanticipate,1
œestimate â,1
œestimate,1
œexpect â,1
œexpect,1
œintend â,1
œintend,1
œplan â,1
œplan,1
œseekâ,1
similar expressions,1
other operating,1
similar matters,1
not turn,1
correct,1
materially different,1
various risks,1
œwe â,1
œwe,1
œourâ,1
mean,1
few years,1
ago,1
broad transformation,1
also focused,1
critical part,1
appropriate level,1
customer-centric operating,1
large-enterprise unit,1
large-enterprise,1
consistent solutions,1
increasingly focused,1
own communities,1
unique,1
urgent,1
out,1
scalable products,1
routine part,1
routine,1
smb-specific solutions,1
smb-specific,1
total technology,1
innovative products,1
fast development,1
fast,1
competitive features,1
reportable operating,1
various customer,1
affordable performance,1
affordable,1
small organizations,1
remote offices,1
full suite,1
recently introduced,1
12th generation,1
12th,1
comprehensive portfolio,1
advanced storage,1
network-attached storage,1
network-attached,1
direct-attached storage,1
direct-attached,1
various backup,1
further expanded,1
increasingly flexible,1
flexible new,1
economical manner,1
economical,1
diverse environments,1
diverse,1
varied requirements,1
solid position,1
solid,1
mid-range,1
high-end storage,1
high-end,1
comprehensive solution,1
similar demand,1
overall solution,1
transactional â,1
typically recurring,1
project-based â,1
short-term services,1
wide array,1
new classifications,1
multivendor support,1
multivendor,1
transactional services,1
multi-year outsourcing,1
multi-year,1
short-term consulting,1
often responsible,1
new technology,1
such services,1
certain customer,1
other technical,1
competitively priced,1
competitively,1
products such,1
wireless products,1
wireless,1
digital cameras,1
third-party software,1
related security,1
other categories,1
wide variety,1
commercial â,1
specific needs,1
professional users,1
advanced workstation,1
sophisticated applications,1
personalized,1
smart investment,1
smart,1
easy,1
un-compromised form,1
un-compromised,1
advanced multimedia,1
new desktops,1
thin,1
powerful,1
above products,1
strategic areas,1
fixed-term financing,1
many sources,1
dell-related assets,1
scalable technologies,1
competitive prices,1
global research,1
total research,1
world-class supply,1
world-class,1
functional testing,1
third-party suppliers,1
burn-in period,1
burn-in,1
ongoing production,1
early identification,1
systems standard,1
global sites,1
large number,1
single-source vendors,1
so due,1
limited-source vendors,1
disproportionately,1
limited-source suppliers.geographic,1
suppliers.geographic,1
non-u.s. markets,1
continued expansion,1
additional complexity,1
œproducts,1
ongoing product,1
competitive scalable,1
strong relationships,1
other channel,1
third-party solution,1
third-party resellers,1
public institutions,1
medium business,1
medium,1
direct business,1
direct communication,1
thereby allowing,1
specific customer,1
various advertising,1
interactive portion,1
interactive,1
widely used,1
widely,1
various industries,1
more responsive,1
responsive,1
efficient sales,1
global sales,1
more customer-focused,1
customer-focused collaborative,1
large business,1
institutional customers,1
institutional,1
field-based enterprise,1
field-based,1
long-term relationships,1
several programs,1
single points,1
global account,1
global pricing,1
global service,1
specific sales,1
educational customers,1
worldwide portfolio,1
third-party patents,1
new patents,1
ongoing research,1
future computer,1
related technologies,1
many product,1
patented inventions,1
single patent,1
related patents,1
also entered,1
various software,1
worldwide patent,1
federal trademark,1
other marks,1
protected technology,1
protected,1
not require,1
patented technology,1
other violations,1
such regulation,1
anti-trust,1
various state,1
not assessed,1
environmental fines,1
environmental remediation,1
environmental costs,1
social responsibility,1
integral parts,1
open dialogue,1
candid feedback,1
candid,1
honest discussions,1
honest,1
environmental initiatives,1
many forms,1
sensitive materials,1
convenient computer,1
convenient,1
first company,1
worldwide recycling,1
no-charge recycling,1
no-charge,1
streamlined,1
recycled content,1
recycled,1
precautionary approach,1
precautionary,1
sensitive substances,1
reasonable alternatives,1
environmentally sound,1
sound,1
scalable solutions,1
meaningful indicator,1
lead times,1
lead,1
current period,1
not translate,1
subsequent period,1
unfilled orders,1
unfilled,1
generally be,1
proprietary interest,1
available information,1
quarterly reports,1
current reports,1
soon,1
not incorporated,1
otherwise form,1
biographical information,1
biographical,1
standard servers,1
œhpâ,1
team responsible,1
top management,1
executive staff,1
corporate marketing,1
electrical,1
specific solutions,1
œcfoâ,1
financial planning,1
global security,1
innovative plastics,1
nearly,1
œgeâ,1
long-term strategy,1
respective growth,1
strategic investments,1
previously spent,1
senior leadership,1
human resources,1
human,1
global consumer,1
there,1
later moved,1
senior positions,1
southwestern,1
œcmoâ,1
global communications,1
global public,1
global marketing,1
also held,1
also spent,1
multiple boards,1
best-in-class suite,1
best-in-class,1
intelligent end-to-end,1
intelligent,1
global corporations,1
additional role,1
worldwide responsibility,1
globally consistent,1
œedsâ,1
private equity,1
various management,1
global legal,1
governmental affairs,1
media-related transactions,1
media-related,1
prior experience,1
important risk,1
only risks,1
currently known,1
immaterial,1
aggressive product,1
aggressive,1
less costly,1
costly,1
additional features,1
quickly become,1
outdated,1
quickly erode,1
competitive factors,1
current state,1
competitive challenges,1
low barriers,1
new industry,1
also see,1
new types,1
strategic alliances,1
other product,1
current competitors,1
existing competitors,1
existing,1
further increase,1
competitive pressures,1
limited-source suppliers,1
adversely affecting,1
limited-source supplier,1
readily available,1
critical single,1
limited-source product,1
related product,1
alternative suppliers,1
reliable supplies,1
possible loss,1
third-party vendors,1
significant portions,1
now assembled,1
various parts,1
outsourced manufacturing,1
outsourced,1
currently performed,1
single locations,1
non-trade accounts,1
direct control,1
minimal levels,1
minimal,1
defective parts,1
other vendor,1
incremental vendor,1
potentially resulting,1
adverse profitability,1
not adjust,1
alternative means,1
global company,1
virtually,1
volatile energy,1
volatile,1
geopolitical issues,1
geopolitical,1
sovereign nations,1
potential product,1
key suppliers,1
potential customer,1
possible effects,1
likely have,1
negative effect,1
european operations,1
european customers,1
overall business,1
successfully execute,1
select areas,1
commercial arrangements,1
reseller relationships,1
reseller,1
difficult tasks,1
selective acquisitions,1
selective,1
other businesses,1
unfavorably affected,1
successfully implement,1
new risks,1
current business,1
insufficient,1
new revenue,1
inadequate return,1
other exposures,1
not discovered,1
due diligence,1
strategic partners,1
such partners,1
external conditions,1
less competitive,1
certain factors,1
competitive position,1
unanticipated costs,1
not achieve,1
frequent,1
short product,1
not manage,1
increasingly sourcing,1
sufficient quantities,1
attractive costs,1
present execution,1
other defects,1
consistent quality,1
extensive line,1
third-party components,1
significant product,1
continued growth,1
international operations,1
many risks,1
varied local,1
local economic,1
political instability,1
regulatory environments,1
overall profitability,1
seasonal trends,1
federal government,1
third-party distributors,1
more end-users,1
end-users,1
other business,1
reduced access,1
reduced,1
increasingly dependent,1
significant funding,1
potentially harming,1
extreme volatility,1
extreme,1
adverse changes,1
other financings,1
significant repercussions,1
international debt,1
macroeconomic climate,1
related disruption,1
significant direct,1
indirect exposure,1
indirect,1
private sector,1
negative developments,1
financial troubles,1
related loan,1
recent periods,1
net credit,1
new countries,1
unfavorably impact,1
numerous arrangements,1
voluntarily,1
involuntarily,1
rapidly,1
contractual ability,1
effective action,1
legal regime,1
such default,1
significant losses,1
certain rights,1
specified service,1
specified,1
alternatively terminate,1
alternatively,1
actual costs,1
significantly exceed,1
local governments,1
foreign governments,1
future funding,1
applicable government,1
not develop,1
not obtain,1
desirable technology,1
legal actions,1
contractually obligated,1
such licenses,1
related expenses,1
not guarantee,1
property necessary,1
profitable operations,1
negative impact,1
similar fees,1
natural disaster,1
improperly installed,1
improperly,1
such disruption,1
otherwise conduct,1
also be,1
heavy demand,1
heavy,1
significant expense,1
remedial measures,1
remedial,1
significant liability,1
other serious,1
serious,1
negative consequences,1
large amounts,1
personally,1
identifiable information,1
malicious software,1
malicious,1
otherwise exploit,1
sophisticated hardware,1
other problems,1
unexpectedly interfere,1
unexpectedly,1
foregoing security,1
critical functions,1
unapproved dissemination,1
unapproved,1
potential liability,1
otherwise harm,1
limited capacities,1
third-party data,1
possible security,1
similar effects,1
personal information,1
legislative,1
regulatory burdens,1
significant expenses,1
mandatory privacy,1
mandatory,1
effective hedging,1
not offset,1
future results,1
current tax,1
not extended,1
also increase,1
substantial increase,1
various types,1
legal claims,1
regulatory matters,1
government regulatory,1
regardless,1
time-consuming,1
disruptive,1
key employees,1
executive leadership,1
anticipated continued,1
continued rapid,1
international growth,1
key professional,1
professional technical,1
additional costs,1
cents current,1
future environmental,1
future requirements,1
other substances,1
applicable rules,1
unfavorable impact,1
democratic republic,1
democratic,1
adjoining countries,1
adjoining,1
new disclosure,1
sufficiently,1
abroad,1
economic instability,1
impossible,1
significant shortage,1
unsuccessful,1
vacant,1
sublet.our,1
global headquarters,1
suitable,1
current needs,1
readily meet,1
additional space,1
competitive rates,1
alternative space.as,1
not designate,1
future use,1
properties available,1
œlegal,1
not applicable,1
low sales,1
common stock.dividendswe,1
never declared,1
immediate future,1
future determination,1
common stockwe,1
share-based payment,1
future purchases,1
publicly,1
announced plans,1
announced,1
average price,1
total return,1
stock relative,1
interim period,1
interim,1
historical stock,1
future stock,1
financial data,1
audited consolidated,1
audited,1
introductionwe,1
long-term value,1
œcommercial.â,1
key component,1
attractive areas,1
profitable growth,1
attractive growth,1
much,1
particular focus,1
significant improvements,1
next generation,1
organic growth,1
disciplined acquisition,1
higher-margin enterprise,1
higher-margin,1
global customer,1
software-as-a-service application,1
software-as-a-service,1
successful execution,1
supplemental measures,1
supplemental,1
financial measuresâ,1
operationsconsolidated operationsthe,1
operationsconsolidated,1
fiscal calendar,1
extra week,1
extra,1
overall increased,1
part due,1
substantially improved,1
focused,1
areas such,1
strong cash,1
several regions,1
available mix,1
hard drives,1
high end-drives,1
strategic customers,1
certain hdd,1
profitably grow,1
profitably,1
total revenue,1
first half,1
challenging,1
macroeconomic environment,1
revenuefiscal,1
related revenue,1
regional level,1
% overall,1
overall year-over-year,1
regional needs,1
related services,1
materially impacted,1
away,1
lower-value business,1
lower-value,1
disciplined pricing,1
slightly offset,1
favorable warranty,1
project-related services,1
project-related,1
competitive pricing,1
net costs,1
various components,1
largely based,1
not long-term,1
instead,1
typically negotiated,1
necessarily result,1
generally stable,1
stable relative,1
stable,1
not aware,1
aware,1
programmatic changes,1
programmatic,1
near term,1
near,1
legal action,1
certain vendors,1
currently involved,1
other vendors,1
additional settlements,1
future quarters,1
net increase,1
relative amount,1
% other,1
continued execution,1
organic investments,1
other infrastructure,1
services-focused acquisitions,1
services-focused,1
selling-related expenses,1
selling-related,1
related charges,1
performance-based compensation,1
new hires,1
net incomefiscal,1
incomefiscal,1
unfavorable changes,1
favorably impacted,1
better understand,1
better,1
future consolidated,1
detail different,1
gaap-based,1
useful information,1
meaningful period,1
fiscal periods,1
expenses similar,1
similar items,1
non-gaap presentation,1
non-recurring infrequent,1
non-recurring,1
infrequent,1
similarly titled,1
differently,1
comparative purposes,1
comparative,1
such measures,1
economic effect,1
such loss,1
foregoing limitations,1
supplementally,1
not meant,1
other items,1
comprehensive review,1
full-time employees,1
full-time,1
non-compete covenants,1
certain fees,1
financial matters,1
not unusual,1
outside,1
not contribute,1
combined income,1
not allocated,1
consolidated revenue,1
% small,1
respective segment,1
year-over year,1
year-over,1
slight decrease,1
lower-margin products,1
lower-margin,1
peripheral product,1
largely driven,1
higher-value product,1
percentage due,1
higher-value client,1
furthermore,1
overall consumer,1
positive effects,1
positive,1
revenue year-over-year,1
mainly attributable,1
mainly,1
improved demand,1
demand due,1
large revenue,1
mostly driven,1
mostly,1
margin due,1
latter half,1
latter,1
asia-pacific region,1
asia-pacific,1
major contributor,1
year-over-year growth,1
improved pricing,1
revenue due,1
fiscal 201l,1
improved unit,1
non-u.s. regions,1
entirely offset,1
entirely,1
second half,1
many cases,1
individual customer,1
% fiscal,1
anticipated decline,1
recently added,1
compellent products,1
compellent,1
total storage,1
transactional revenue,1
project-based services,1
project-based revenue,1
partially driven,1
useful trend,1
third-party standards,1
initial contract,1
initial,1
other reasons,1
ultimately be,1
strategic growth,1
œs,1
not sold,1
third-party peripherals,1
effectively unchanged,1
non-strategic areas,1
non-strategic,1
post-contract customer,1
post-contract,1
unchanged year-over-year,1
new product,1
increase year-over-year,1
large proportion,1
project-based revenues,1
transactional revenues,1
overall customer,1
increases due,1
segments due,1
slight shift,1
stock-based compensationwe,1
primarily use,1
other netthe,1
netthe,1
detailed presentation,1
average cash,1
other income,1
average balances,1
year-over-year change,1
certain un-hedged,1
un-hedged,1
geographic distribution,1
world-wide earnings,1
world-wide,1
generally taxed,1
certain jurisdictions,1
principally resulted,1
geographical distribution,1
geographical,1
permanent differences,1
retail distribution,1
collectively evaluated,1
select number,1
net financing,1
net growth,1
own working,1
corresponding financing,1
expected financing,1
receivable credit,1
principal charge-off,1
charge-off rate,1
charge-off,1
years due,1
various factors,1
economic indicators,1
potential impact,1
future loss,1
extensive process,1
active management,1
previously nonconsolidated,1
nonconsolidated,1
no,1
longer,1
off-balance sheet,1
full investment,1
multiple types,1
investment-grade securities,1
investment-grade,1
third-party investment,1
short notice,1
primarily invested,1
current market,1
consistently,1
financial health,1
carefully,1
financial exposure,1
non-sovereign borrowers,1
non-sovereign,1
recent quarters,1
gross exposures,1
immaterial.we monitor,1
immaterial.we,1
financial counterparties,1
various market,1
indicators such,1
nationally recognized,1
nationally,1
expected market,1
immaterial.liquiditycash,1
systematically prioritized,1
systematically,1
finally,1
potential source,1
day-to-day business,1
day-to-day,1
predictable investing,1
decisions such,1
working capital,1
working,1
various macroeconomic,1
competitive scenarios,1
actions necessary,1
adequate liquidity,1
corporate needs,1
external capital,1
long-term notes,1
effective shelf,1
overall strength,1
adequate access,1
future disruptions,1
additional uncertainty,1
prior note,1
also issued,1
appropriate debt,1
overall cost,1
discretionary spending,1
discretionary,1
numerous locations,1
domestic cash,1
highly liquid,1
external sources,1
foreign cash,1
efficient manner,1
local regulations,1
efficient intercompany,1
local liquidity,1
current law,1
earnings available,1
permanently reinvested,1
permanently,1
worldwide cash,1
cash available,1
net change,1
œkey,1
additional discussion,1
net capital,1
longer-term securities,1
longer-term,1
financial liabilities,1
marketable securities,1
marketable,1
principal acquisition,1
net repayment,1
amounts outstanding,1
financing-related debt,1
financing-related,1
œfinancing,1
favorable terms,1
fixed-term securitization,1
also repurchased,1
œdsoâ,1
average collection,1
net trade,1
quarterly revenue,1
œdsiâ,1
œdpoâ,1
year due,1
accurate presentation,1
accurate,1
mid negative,1
mid,1
systematic program,1
systematic,1
open market,1
share-based compensation,1
ongoing investments,1
aggregate capital,1
currently expected,1
primarily funded,1
payments due,1
fiscal total,1
additional liabilities,1
reliably estimate,1
expected payment,1
outstanding long-term,1
unsecured notes,1
non-cancellable leases,1
non-cancellable,1
enforceable,1
legally binding,1
legally,1
typically fulfilled,1
market-competitive rates,1
market-competitive,1
various dates,1
related interest,1
successful implementation,1
armed hostilities,1
armed,1
financial conditions,1
certain estimates,1
other accounting,1
also described,1
related allowances,1
frequently,1
deliverables such,1
general revenue,1
certain services,1
appropriate timing,1
separate units,1
vendor-specific,1
œvsoeâ,1
related cost,1
ratably,1
price allocable,1
allocable,1
then compare,1
annual testing,1
record warranty,1
record,1
reasonably predictable,1
such changes,1
related valuation,1
actual outcomes,1
sustainable,1
third parties,1
litigation related,1
related standards,1
third party,1
established policies,1
australian dollar,1
australian,1
adverse fluctuations,1
firm commitments,1
firm,1
certain currencies,1
overall effectiveness,1
substantially offset,1
instruments outstanding,1
maximum potential,1
maximum,1
one-day loss,1
one-day,1
œvarâ,1
randomly generated,1
randomly,1
fifth percentile,1
fifth,1
not intended,1
actual losses,1
firmly,1
committed transactions,1
committed,1
generally offset,1
underlying exposure,1
such debt,1
high credit,1
single issuer,1
intermediate-term investments,1
intermediate-term,1
index present,1
other procedures,1
reasonable basis,1
not prevent,1
long-term financing,1
comprehensive loss,1
stockholdersâ,1
deferred income,1
telephone-based sales,1
telephone-based,1
online sales,1
online,1
wholly-owned subsidiaries,1
significant intercompany,1
subjective,1
contingent assets,1
liquid investments,1
other investments,1
not considered,1
separately categorized,1
unrealized gains,1
individual security,1
portfolio quarterly,1
temporarily impaired,1
temporarily,1
entire,1
amortized cost,1
amortized,1
œcredit-related lossâ,1
œcredit-related,1
still,1
factors other,1
credit-related losses,1
additional information.allowance,1
current receivables,1
future write-offs,1
administrative expenses.financing,1
appropriate allowance,1
historical studies,1
value-at-risk demand,1
value-at-risk,1
anticipated declines,1
specific future,1
other-than-temporary,1
generally determined,1
aggregate portfolio,1
days delinquent,1
non-accrual status,1
non-accrual,1
off,1
previously charged,1
receivable loss,1
macroeconomic conditions,1
commercial capital,1
certain financing,1
new accounting,1
ongoing analysis,1
first-out basis.property,1
first-out,1
straight-line method,1
economic lives,1
fixed assets,1
eligible internal-use,1
preliminary project,1
preliminary,1
minor enhancements,1
minor,1
undiscounted,1
external appraisals,1
individual asset,1
independent cash,1
finite lives,1
finite,1
generally amortized,1
non-straight-line approach,1
non-straight-line,1
economic benefits,1
international sales,1
monthly,1
average exchange,1
equity.local currency,1
equity.local,1
historical rates,1
non-monetary assets,1
non-monetary,1
additional information.hedging,1
forwards,1
hedge transactions,1
formally documented,1
formally,1
speculative purposes.all,1
speculative,1
forward rates,1
œociâ,1
separate component,1
fully offset,1
not qualify,1
same category,1
same line,1
related pcs,1
satisfied,1
economic substance,1
apart,1
not contingent,1
further obligations,1
project-based offerings,1
proportional performance,1
proportional,1
cost-plus contracts,1
cost-plus,1
straight line,1
straight,1
different pattern,1
separate contract,1
revenue equal,1
separately stated,1
gross revenue,1
œmultiple deliverables.â,1
œmultiple,1
vendor specific,1
limited basis,1
certain software,1
not established,1
tangible products,1
tangible,1
previously deemed,1
now considered,1
deliverable arrangement,1
services such,1
other services,1
separate unit,1
multiple-element arrangement,1
multiple-element,1
specific facts,1
previous guidance,1
multiple element,1
relative sales,1
not change,1
present value,1
consistent rates,1
relatively predictable,1
estimated warranty,1
often operating,1
specific incremental,1
identifiable cost,1
administrative functions,1
doubtful accounts.research,1
directly related,1
comprehensive model,1
share-based awards,1
performance-based awards,1
subsequent periods,1
actual forfeitures,1
new pronouncement,1
risk inherent,1
related allowance,1
disaggregated levels,1
disaggregated,1
specific disclosures,1
principal market,1
present components,1
continuous statement,1
consecutive statements,1
consecutive,1
separate statement,1
entityâ,1
s right,1
right,1
related arrangements,1
gross amounts,1
amounts subject,1
net exposure,1
total level,1
not transfer,1
above table,1
identical assets,1
identical,1
securities such,1
corporate international,1
benchmark yields,1
broker-dealer quotes,1
broker-dealer,1
benchmark securities,1
other market,1
related data,1
full term,1
convertible debt,1
convertible,1
fully impaired,1
mutual funds,1
mutual,1
previously accounted,1
factored,1
relevant counterparty,1
similar manner,1
net position,1
appropriate credit,1
certain assets,1
non-financial assets,1
non-financial,1
assets such,1
following table,1
major security,1
total investments,1
available-for-sale securities,1
available-for-sale,1
initially recorded,1
contractual maturities,1
same periods,1
œdfsâ,1
key activities,1
third-party technology,1
related software,1
third-party originations,1
annual percentage,1
prime rate,1
historical payment,1
typically repaid,1
specific date,1
cents fixed-term,1
sales-type lease,1
fixed-term loans,1
governmental organizations,1
educational entities,1
certain consumer,1
equal payments,1
long-term â,1
revolving fixed,1
total total,1
incremental allowance,1
allowance due,1
total current,1
total customer,1
not significant,1
gross contractual,1
contractual amounts,1
also acquired,1
gross amount,1
credit-impaired loans,1
evident,1
not collect,1
contractually required,1
œpciâ,1
effective yield,1
effective interest,1
prospective yield,1
other credit,1
agency-related elements,1
agency-related,1
internal grading,1
relative degrees,1
financial products,1
different classes,1
revolving accounts,1
quarter-end date,1
quarter-end,1
generally updated,1
periodic basis,1
prime accounts,1
mid-tier accounts,1
mid-tier,1
generally sub-prime,1
sub-prime,1
middle category,1
bottom,1
revolving product,1
small business,1
fixed-term products,1
more weighted,1
revolving products,1
six-level,1
internal rating,1
not comparable,1
revolving classes,1
most comparable,1
comparable external,1
commercial rating,1
non-investment grade,1
non-investment,1
middle quality,1
transfers certain,1
œspesâ,1
bankruptcy remote,1
legal entities,1
separate assets,1
asset-backed securities,1
long-term net,1
generally effective,1
average credit,1
excess collections,1
further funding,1
collateralized,1
solely,1
average duration,1
capacity related,1
effectively convert,1
fixed rate,1
outstanding debt,1
œ2013a,1
œ2013b,1
œ2014a,1
rate due,1
œ2014b,1
œ2014c,1
other long-term,1
œissued,1
net proceeds,1
unsecured obligations,1
equally,1
future unsecured,1
senior indebtedness,1
outstanding notes,1
debt approximate,1
unamortized amount,1
unamortized,1
previously designated,1
thereafter total,1
debt outstanding,1
four-year,1
outstanding advances,1
customary events,1
required payments,1
required,1
certain events,1
certain liens,1
ongoing compliance,1
affirmative,1
negative covenants,1
minimum interest,1
financial covenants,1
hedging activitiesderivative,1
activitiesderivative,1
risks inherent,1
currencies other,1
premium amounts,1
premium,1
rate differential,1
differential,1
hedge ineffectiveness,1
such ineffectiveness,1
not discontinue,1
economic hedges,1
natural hedge,1
liabilities due,1
variable rate,1
fixed interest,1
fixed term,1
primarily libor-based,1
libor-based,1
economically hedge,1
certain tranches,1
non-designated,1
aggregate unrealized,1
net loss,1
credit-risk-related,1
contingent features,1
derivative trading,1
such triggering,1
position due,1
several acquisitions,1
virtual storage,1
virtual,1
global provider,1
global technology,1
also recorded,1
aggregate basis,1
œkaceâ,1
œocarinaâ,1
œscalentâ,1
œboomiâ,1
œinsiteâ,1
mid-sized businesses,1
mid-sized,1
content-aware compression,1
content-aware,1
efficient data,1
on-demand integration,1
on-demand,1
cloud-based,1
medical data,1
medical,1
worldwide provider,1
own immediate,1
long-term growth,1
primarily integrated,1
total identifiable,1
other cash,1
costs such,1
employee-related charges,1
employee-related,1
anticipated cost,1
other effects,1
actually,1
combined company,1
intangible assetsgoodwillgoodwill,1
annual impairment,1
non-compete agreements,1
amortizable,1
indefinite,1
estimated future,1
future annual,1
pre-tax amortization,1
standard warranty,1
not differentiate,1
future minimum,1
thereafter.rent expense,1
thereafter.rent,1
legal counsel,1
relevant information,1
putative securities,1
putative,1
former directors,1
alleged false,1
misleading disclosures,1
misleading,1
governmental investigations,1
fully briefed,1
oral argument,1
oral,1
preliminarily approved,1
preliminarily,1
not exceeding,1
opt-out period,1
opt-out,1
subsequently granted,1
final judgment,1
certain objectors,1
œeuâ,1
various companies,1
such equipment,1
multifunction devices,1
multifunction,1
such products,1
yet impose,1
digital hardware,1
various industry,1
digital environment,1
alternative models,1
local laws,1
other matters,1
estimable claim,1
private ãœberspielungrechte,1
œzpãœâ,1
joint association,1
joint,1
various german,1
german patent,1
subsequently filed,1
personal computer,1
german industry,1
audio-video copyright,1
audio-video,1
levies payable,1
uncertain.german courts,1
uncertain.german,1
also considering,1
certain copyright,1
same plaintiff,1
civil,1
appellate courts,1
appellate,1
subject classes,1
legal questions,1
european copyright,1
estimable claim.proceedings,1
financial impact,1
potentially affected,1
previous units,1
liable,1
incremental amounts,1
future collections,1
future shipments,1
false â,1
œregularâ,1
compensatory damages,1
false advertising,1
injunctive relief,1
injunctive,1
punitive damages,1
punitive,1
certain products,1
former sales,1
class-wide settlement,1
class-wide,1
unlikely,1
œwestern,1
œhitachiâ,1
œshaping command,1
œshaping,1
unwanted,1
œsystem,1
altered settings,1
altered,1
allegedly infringing,1
exemplary damages,1
exemplary,1
willful infringement,1
willful,1
other litigation,1
commercial litigation,1
sole defendant,1
sole,1
actively defending,1
reasonable possibility,1
already accrued,1
legal proceeding,1
other remedies,1
certain concentrations,1
significant concentrations,1
equivalent deposits,1
equivalent,1
financial institutions.dell,1
corporate clients,1
limited sources,1
alternative sources,1
so based,1
certain contract,1
related profits,1
non-trade receivables,1
receivable amounts,1
corresponding accounts,1
related accruals,1
limitations due,1
additional valuation,1
deferred taxes,1
foreign subsidiaries,1
foreseeable future,1
foreseeable,1
undistributed book,1
undistributed,1
indefinitely,1
other events,1
residual income,1
benefits attributable,1
different rates,1
favorably affect,1
ongoing discussions,1
œirsâ,1
œrarâ,1
certain assessments,1
administrative appeals,1
further review,1
highly uncertain,1
significant change,1
total amount,1
unrecognized income,1
recently reached,1
proper application,1
proper,1
transactional taxes,1
certain tax,1
potential tax,1
supportable,1
ultimately prevail,1
non-income taxes,1
dilutive options,1
outstanding.common,1
stock-based payment,1
authorized amount,1
authorized,1
plansstock-based compensationdescription,1
plansstock-based,1
currently issuing,1
previously granted,1
œstock plans.â,1
non-qualified stock,1
stock available,1
future grants,1
new shares,1
open market.stock,1
vest pro-rata,1
pro-rata,1
prices equal,1
small number,1
assumed options,1
assumed,1
performance-based stock,1
certain restrictions,1
seven-year period,1
seven-year,1
legal ownership,1
not transferred,1
grants performance-based,1
award recipient,1
shares contingent,1
eventually be,1
such performance,1
multiple-award approach,1
multiple-award,1
probable outcome,1
exercisable â,1
not convert,1
options exercisable,1
in-the-money options,1
in-the-money,1
weighted-average exercise,1
total unrecognized,1
binomial valuation,1
binomial,1
performance-based units,1
various assumptions,1
recent period,1
period commensurate,1
commensurate,1
economic data,1
such volatility,1
prospective trends,1
never paid,1
present intention,1
numberofshares weighted-averagegrant,1
weighted-averagegrant,1
underlying shares,1
select participants,1
net shares,1
total shares,1
total payments,1
expensestock-based compensation,1
expensestock-based,1
voluntary contributions,1
voluntary,1
also contributed,1
œdeferred,1
certain management,1
annual incentive,1
separate trust,1
œrabbi,1
œsmbâ,1
corporate customers,1
individual consumers,1
organizational structure,1
organizational,1
consolidated segment,1
compensation related,1
long-lived asset,1
foreign country,1
not constitute,1
prepaid expenses,1
prepaid,1
work-in-process,1
other equipment,1
total property,1
following tables,1
œexchange,1
rules 13a-15,1
13a-15,1
appropriate authorization,1
financial statements.in,1
reasonably likely,1
materially affect,1
such information,1
timely decisions,1
well designed,1
only reasonable,1
faulty,1
simple errors,1
simple,1
alone,1
certain assumptions,1
future events,1
future conditions,1
associated policies,1
associated,1
corporate governance,1
ethics applicable,1
other senior,1
financial officers,1
œexecutive compensation.â,1
certain relationships,1
related transactions,1
related transactions.â,1
other schedules,1
inapplicable,1
thereto,1
duly caused,1
thereunto,1
executive officer,1
certificate pursuant,1
formerly,1
dated,1
directors effective,1
compensatory plan,1
filed,1
furnished,1
œfiledâ,1
otherwise subject,1
other document,1
expressly set,1
expressly,1
specific reference,1
