other,508
financial,368
not,280
total,275
respectively,268
â,252
net,224
primarily,213
fair,197
such,194
consolidated,180
fair value,178
commercial,150
current,144
related,140
also,131
certain,120
real,118
financial statements,108
due,107
global,104
future,103
non-u.s.,96
long-term,88
net earnings,83
real estate,82
partially,79
corporate,77
partially offset,75
subject,71
significant,71
average,70
approximately,69
effective,68
economic,68
as,68
specific,67
further,66
well,63
available,63
impaired,63
principal,61
œfinancial statements,61
œfinancial,61
nonearning,60
deferred,57
attributable,56
prior,55
unrealized,55
financial services,52
additional,51
various,51
contractual,49
annual,48
internal,48
derivative,47
industrial,46
common,45
new,43
less,43
residential,42
outstanding,41
senior,41
short-term,41
more,40
nonearning receivables,40
fiscal,39
overall,39
actual,38
further information,38
actuarial,37
third,36
noncontrolling,35
preferred,35
previously,34
similar,34
federal,34
fiscal year,33
expected,33
substantially,33
effective tax,33
general,32
potential,32
probable,32
appropriate,32
principally,31
pre-tax,31
intangible,31
third-party,30
impaired loans,30
noncontrolling interests,29
intangible assets,29
not be,28
most,28
first,28
preferred stock,28
primarily due,28
major,27
generally,27
historical,27
comprehensive,27
earnings attributable,27
principal pension,27
present,27
reasonably,26
indefinitely,26
significantly,26
financial reporting,26
payable,26
foreign,26
observable,26
common stock,25
consistent,25
insignificant,25
possible,25
additional information,24
relevant,24
cumulative,24
mortgage-backed,24
independent,23
individual,23
often,22
only,22
statutory,22
per-share,22
comparable,22
annually,22
asset-backed,22
different,21
quarterly,21
joint,21
key,21
operational,21
applicable,21
comprehensive income,21
nonaccrual,21
second,20
otherwise,20
regulatory,20
excess,20
private,20
year-end,20
prior service,20
internal control,20
many,19
financial institutions,19
strategic,19
environmental,19
limited,19
first quarter,19
secured,19
fourth,19
active,19
commercial paper,19
unsecured,19
inherent,19
variable,19
fair values,19
loan-to-value,19
other assets,19
non-recourse,19
deferred taxes,19
legal,18
global operations,18
personal,18
adversely,18
adverse,18
total assets,18
long-term borrowings,18
other pension,18
other income,18
other-than-temporary,18
deferred income,18
large,17
net investment,17
economic conditions,17
long-lived,17
fourth quarter,17
local,17
third parties,17
unrealized loss,17
current receivables,17
future cash,17
particular,16
supplemental,16
primary,16
commercial aircraft,16
marine,16
financial position,16
current market,16
residential mortgages,16
long-lived assets,16
competitive,15
directly,15
japanese,15
recent,15
critical,15
original,15
however,15
per-share amounts,15
incremental,15
currently,15
specific reserves,15
estimated,15
medical,14
wholly-owned,14
european,14
wide,14
important,14
high,14
direct,14
residential mortgage,14
adversely affect,14
no,14
likely,14
third quarter,14
vast majority,14
vast,14
deferred tax,14
external,14
formerly,14
mainly,14
contractual terms,14
typically,14
s current,14
aggregate,13
qualitative,13
materially,13
œmanagementâ,13
broad,13
military,13
retail,13
following,13
sometimes,13
longer,13
subsequently,13
financial charges,13
accordingly,13
corporate items,13
variable interest,13
total cll,13
discounted,13
residual,13
present value,13
quantitative,12
run-off insurance,12
run-off,12
financial assets,12
joint ventures,12
small,12
highly,12
geographic,12
next,12
consolidated affiliates,12
indefinitely reinvested,12
derivative instruments,12
unrecognized,12
regularly,12
discounted cash,12
subsequent,12
actuarial loss,12
useful,12
other liabilities,12
weighted,12
diversified,11
wholly-owned subsidiary,11
separate,11
substantial,11
estimable,11
ongoing,11
routinely,11
financial instruments,11
not have,11
alternative,11
fully,11
non-operating,11
statutory rate,11
temporary,11
contractual obligations,11
organic revenue,11
organic,11
non-u.s. auto,11
loan-to-value ratios,11
leveraged,11
unpaid,11
recoverable,11
non-recourse borrowings,11
financial interest,11
able,10
former,10
municipal,10
wide variety,10
unconsolidated,10
low,10
long-term debt,10
current conditions,10
reasonable,10
previously reported,10
same,10
short-term borrowings,10
three-year,10
insignificant amount,10
respective,10
other charges,10
federal income,10
indefinitely reinvest,10
relative,10
high-quality,10
unrealized gains,10
unrealized losses,10
ordinary course,10
ordinary,10
non-u.s. installment,10
revolving,10
equivalent,10
straight-line basis,10
straight-line,10
leveraged leases,10
commercial financing,10
last,9
s annual,9
worldwide,9
additionally,9
forward,9
middle-market,9
joint venture,9
fixed,9
difficult,9
secured loans,9
disposed,9
newly,9
dependent,9
therefore,9
public,9
short-term credit,9
second quarter,9
prior-period,9
actuarial gains,9
lower-taxed,9
temporary differences,9
unrecognized tax,9
pre-tax income,9
primarily related,9
more likely,9
adequate,9
probable losses,9
contractually,9
nonearning financing,9
nonaccrual financing,9
gross,9
federal agency,9
specific allowance,9
past,8
sovereign,8
excess interest,8
regional,8
consolidated revenues,8
efficient,8
related services,8
sensitive,8
intellectual property,8
intellectual,8
full,8
commercial loans,8
marine container,8
normal,8
corporate overhead,8
about,8
final,8
even,8
actively,8
adverse effect,8
sufficient,8
initial,8
non-financial,8
industrial businesses,8
potentially,8
chief,8
five-year,8
operations attributable,8
basic,8
total capital,8
financial information,8
non-gaap,8
non-operating pension,8
total segment,8
other costs,8
actuarial assumptions,8
effective interest,8
pre-tax gain,8
œall,8
periodically,8
functional,8
separately,8
not intend,8
observable data,8
total real,8
primarily included,8
redeemable,8
customer-related,8
reasonably possible,8
comparative,8
cumulative effect,8
due past,8
internal risk,8
pursuant,7
now,7
political,7
located,7
electrical,7
early,7
diagnostic,7
personal loans,7
commercial customers,7
collateralized,7
limited partnership,7
available-for-sale,7
structured,7
special,7
personal loan,7
responsible,7
global markets,7
governmental,7
generally accepted,7
unfunded,7
unsecured debt,7
long-term credit,7
long-term product,7
one-line basis,7
one-line,7
administrative,7
prior-year,7
other â,7
consolidated subsidiaries,7
meaningful,7
middle-market companies,7
corporate debt,7
subprime,7
adverse change,7
other-than-temporary impairment,7
other-than-temporary impairments,7
losses inherent,7
financial health,7
commercial cll,7
total consumer,7
loan-to-value ratio,7
currently paying,7
amounts due,7
individually,7
average investment,7
still,7
financial difficulties,7
receivable,7
frequently,7
undiscounted cash,7
undiscounted,7
complex,7
restricted,7
common shareowners,7
then,7
spare parts,7
spare,7
œhedge.â,7
together,7
other financing,7
multiple,7
non-recurring,7
private equities,7
delinquent,6
unresolved,6
otherwise indicated,6
previously held,6
electric,6
remote,6
aeroderivative,6
entire,6
several,6
corporate aircraft,6
private equity,6
disposed businesses,6
newly formed,6
other companies,6
presently,6
final performance,6
estimable costs,6
international,6
previous,6
diverse,6
expected returns,6
necessary,6
critical accounting,6
independently,6
not applicable,6
three-year revenues,6
primarily driven,6
regular,6
detailed,6
expected asset,6
prior-year earnings,6
non-u.s. earnings,6
rather,6
global risk,6
consolidated subsidiary,6
significantly affect,6
primarily reflected,6
after-tax,6
global revenues,6
total revenues,6
asset-backed securities,6
senior position,6
identical,6
underlying,6
total commercial,6
homogeneous loans,6
homogeneous,6
current portion,6
subordinated,6
ultimate,6
unconsolidated vies,6
qualitative criteria,6
residual values,6
taxable,6
net operating,6
hedge accounting,6
hedge,6
corresponding,6
economic performance,6
total equity,6
not exceed,6
such loans,6
once,6
still held,6
direct financing,6
current year,6
second step,6
following table,6
notional,6
recently,5
not reflect,5
forward-looking statements,5
forward-looking,5
competitive position,5
quarterly dividend,5
legal proceedings,5
numerous,5
national,5
financial results,5
supplemental information,5
better,5
nuclear,5
advanced,5
embedded,5
selective,5
consolidated entities,5
private-label,5
economically,5
underabsorbed,5
primarily comprised,5
similar businesses,5
professional,5
eligible,5
raw,5
practicable,5
acceptable,5
continued,5
global economy,5
confidential,5
yet,5
five-year period,5
not available,5
funded,5
consolidated income,5
non-u.s. income,5
global activities,5
corporate risk,5
foreign currency,5
underwritten,5
current equity,5
acquisition-related,5
prior-period amounts,5
current-period presentation,5
current-period,5
not allocated,5
gain related,5
mortgage-backed securities,5
quantitative criteria,5
orderly,5
active markets,5
doubtful,5
future payments,5
reasonably assured,5
overall credit,5
total financing,5
collateral,5
secured lending,5
constant,5
primarily concentrated,5
primarily reflecting,5
necessarily,5
other capital,5
exercisable,5
other assumptions,5
not expect,5
other debt,5
minimum,5
asset-backed financing,5
primary beneficiary,5
residual value,5
comparative market,5
internally,5
usually,5
indefinite,5
future profits,5
weighted average,5
overall portfolio,5
derivative assets,5
not included,5
five-point,5
current liabilities,5
rental,5
forecasted transactions,5
forecasted,5
basic earnings,5
total liabilities,5
principal businesses,5
other assetsâ,5
third-party pricing,5
incoming,5
commercial mortgage-backed,5
short-term securities,5
mortgage-backed â,5
total investments,5
restricted stock,5
intrinsic,5
non-performance risk,5
non-performance,5
consolidated cash,5
dated,5
major industries,4
various types,4
commercial banks,4
future business,4
uncertain,4
actual results,4
so,4
unaffected,4
sensor-based measurement,4
sensor-based,4
traditional,4
natural,4
standard,4
long,4
technological,4
diagnostic imaging,4
molecular,4
human,4
pharmaceutical,4
products such,4
small businesses,4
partial,4
high quality,4
strong,4
financial products,4
private-label credit,4
australian,4
typical,4
special purpose,4
japanese mortgage,4
hazardous wastes,4
hazardous,4
regardless,4
upper,4
collective,4
raw materials,4
continuously,4
single,4
œbusinessâ,4
always,4
effectively,4
not extended,4
long-term rate,4
unfunded plan,4
asset-based,4
geographic markets,4
other factors,4
stable outlook,4
stable,4
unauthorized,4
adequately,4
reputational,4
financial officer,4
economic loss,4
unspecified damages,4
unspecified,4
collectively,4
approximate,4
hybrid debt,4
hybrid,4
non-cash,4
prior year,4
market-leading,4
economic environment,4
historically,4
various categories,4
future service,4
primarily attributable,4
benchmark,4
local country,4
foreign tax,4
operational risk,4
unable,4
twice,4
also included,4
environmental remediation,4
loss-sharing,4
œother,4
subprime credit,4
diversified pools,4
non-u.s. government,4
aged,4
accounts payable,4
related financing,4
historical loss,4
specific customers,4
current estimates,4
not considered,4
cll other,4
nonearning loans,4
certain markets,4
equal,4
not require,4
fully recoverable,4
principal payment,4
not receive,4
subsequently experienced,4
sundry items,4
sundry,4
own,4
total contract,4
other payments,4
liquid,4
preferred shares,4
unpaid dividends,4
such assets,4
other services,4
thereafter,4
not provide,4
significant judgments,4
information available,4
further deterioration,4
previously recognized,4
such adjustments,4
specific prospects,4
historical experience,4
uncertainty inherent,4
closely,4
observable market,4
deferred acquisition,4
key assumptions,4
taxable income,4
noncontrolling stake,4
meaningful estimate,4
net income,4
not equal,4
non-interest,4
unamortized,4
proprietary,4
reasonable assurance,4
consolidated securitization,4
shares outstanding,4
other operating,4
net decrease,4
net increase,4
current operations,4
such costs,4
economic life,4
later,4
amortized,4
other-than-temporarily impaired,4
other-than-temporarily,4
observable inputs,4
unobservable,4
fixed income,4
daily,4
other instruments,4
non-recurring basis,4
industrial earnings,4
incoming claims,4
valid,4
net â,4
related equipment,4
actually,4
continuous loss,4
continuous,4
non-u.s. equity,4
other investments,4
plansâ,4
per-share calculation,4
corporate â,4
notional amount,4
potential risk,4
predominantly,4
consolidated vies,4
post-effective amendment,4
post-effective,4
not required,3
electronically,3
definitive proxy,3
definitive,3
common equity,3
œgeneral,3
virtually,3
independent finance,3
financial servicesâ,3
corporate structure,3
regulatory reporting,3
financial performance,3
materially different,3
legal compliance,3
other matters,3
future results,3
certain businesses,3
renewable,3
industrial power,3
industrial applications,3
long-term maintenance,3
strict,3
critical equipment,3
intense,3
political environment,3
natural gas,3
commercial engines,3
jointly,3
other things,3
biopharmaceutical manufacturing,3
biopharmaceutical,3
wide range,3
medical equipment,3
digital,3
stationary,3
broad range,3
commercial lending,3
industrial-related facilities,3
industrial-related,3
many industries,3
competitive environment,3
substantial portion,3
also subject,3
retail facilities,3
industrial properties,3
commercial properties,3
tax-exempt,3
normal course,3
primarily based,3
general partnership,3
environmental protection,3
pcb-containing sediment,3
pcb-containing,3
independent panel,3
national experts,3
first year,3
professional engineering,3
current reserve,3
not been,3
adversely affected,3
total sales,3
annual report,3
operational risks,3
also affected,3
anticipated,3
significant portion,3
furthermore,3
certain other,3
strategic objectives,3
timely,3
financial obligations,3
economic factors,3
alternative sources,3
short,3
financial markets,3
certain assets,3
sophisticated,3
sensitive confidential,3
personal data,3
continually,3
not prevent,3
other countries,3
chief executive,3
derivative action,3
such investments,3
common shares,3
working capital,3
working,3
total borrowings,3
not presented,3
prior-period results,3
non-cash amortization,3
challenging,3
non-gaap measure,3
thermal,3
market-leading technologies,3
military equipment,3
solely,3
funded status,3
administrative expenses,3
global growth,3
three-year period,3
not subject,3
operations subject,3
not include,3
specific risk,3
general counsel,3
strategic planning,3
also decreased,3
administrative costs,3
acquisition-related costs,3
incremental reserves,3
loss-sharing arrangement,3
japanese yen,3
direct mortgage,3
primarily supporting,3
specific security,3
corporate bonds,3
individual loans,3
corporate securities,3
indicative,3
major rating,3
orderly transaction,3
identical assets,3
such measurements,3
such data,3
internal information,3
hypothetical transaction,3
hypothetical,3
few,3
often subject,3
average balance,3
commercial portfolio,3
probable effects,3
conditions such,3
future levels,3
such estimates,3
relevant data,3
underlying loans,3
owner-occupied,3
multi-family,3
impaired loan,3
long term,3
factors such,3
total loans,3
recent valuation,3
other actions,3
financial difficulty,3
adequate compensation,3
substantial majority,3
government-sponsored,3
original contract,3
european countries,3
short-term basis,3
individual counterparty,3
estimated losses,3
complex equipment,3
unused,3
non-u.s. subsidiaries,3
current tax,3
364-day,3
new debt,3
on-book,3
% cumulative,3
physical,3
assumptions constant,3
functional currencies,3
immediate,3
also had,3
subordinated debentures,3
total costs,3
special dividends,3
derivative contracts,3
third-party producers,3
various investments,3
information related,3
contractual commitments,3
determinable,3
non-current,3
other forms,3
significant accounting,3
multiple-year,3
available industry,3
external appraisals,3
risk-adjusted,3
future growth,3
recent views,3
long-term outlook,3
industries relevant,3
observable information,3
equally,3
publicly-traded,3
appropriately,3
actual operating,3
present values,3
abroad,3
general market,3
historical relationships,3
key variables,3
returns such,3
external sources,3
expected allocations,3
future expectations,3
past return,3
% long-term,3
taxes payable,3
certain circumstances,3
subsequently adjusted,3
further impairment,3
potential loss,3
useful measure,3
earnings-per-share amounts,3
earnings-per-share,3
corresponding gaap,3
annual basis,3
five-point average,3
ongoing operations,3
non-interest bearing,3
statutory income,3
financial asset,3
mandatorily redeemable,3
mandatorily,3
total shareownersâ,3
specified,3
guaranteed investment,3
guaranteed,3
fixed-rate,3
financial statement,3
entirely,3
other receivables,3
œgeâ,3
fairly,3
affiliated companies,3
affiliated,3
separate information,3
prior page,3
principal business,3
newly issued,3
other reductions,3
other entities,3
indirectly,3
substantive,3
general partner,3
non-u.s. affiliates,3
long-term construction,3
cumulative effects,3
military propulsion,3
related sales,3
principal balance,3
monthly,3
unguaranteed,3
uncollectible,3
statistical analyses,3
statistical,3
relevant markets,3
closed-end,3
revolving loans,3
marketable,3
available-for-sale investment,3
universal life,3
universal,3
long-duration insurance,3
long-duration,3
unpaid claims,3
independent pricing,3
market-related,3
primary pricing,3
non-binding broker,3
non-binding,3
inherent credit,3
generally included,3
unsecured notes,3
revolving credit,3
outstanding shares,3
excess cash,3
immediately,3
private label,3
first-time,3
contractual maturities,3
certain portfolios,3
year due,3
assets subject,3
entityâ,3
unrealized investment,3
actually been,3
average average,3
consistently,3
such securities,3
primarily represented,3
actuarial gain,3
shares available,3
intrinsic value,3
unrecognized compensation,3
actual tax,3
economically hedged,3
net change,3
not designated,3
non-impaired financing,3
non-impaired,3
last year,3
other portfolio,3
passive,3
par value,2
par,2
non-accelerated filer,2
non-accelerated,2
unresolved staff,2
qualitative disclosures,2
œge â,2
œge,2
œgecsâ,2
œgeccâ,2
medical imaging,2
new technologies,2
considerably,2
aggressive,2
œforward-looking,2
financial condition,2
sovereign debt,2
other conditions,2
investigative,2
financial data,2
better serve,2
also transferred,2
prior period,2
renewable energy,2
solar technology,2
solar,2
mechanical,2
industrial customers,2
broad portfolio,2
advanced technology,2
efficient solutions,2
mobile treatment,2
mobile,2
electrical equipment,2
electrical power,2
wireless data,2
wireless,2
agreed share,2
agreed,2
such counterparty,2
various programs,2
such counterparties,2
main,2
integrated solutions,2
integrated,2
non-destructive testing,2
non-destructive,2
radiographic ultrasonic,2
radiographic,2
ultrasonic remote,2
ultrasonic,2
remote visual,2
visual,2
eddy current,2
eddy,2
flexible,2
marine applications,2
intermediate,2
long-range,2
regional aircraft,2
jointly owned,2
essentially,2
small number,2
potential customers,2
medical diagnostics,2
earlier,2
systems such,2
magnetic resonance,2
magnetic,2
nuclear imaging,2
digital mammography,2
healthcare-manufactured technologies,2
healthcare-manufactured,2
resident monitoring,2
resident,2
diagnostic cardiology,2
neonatal,2
critical care,2
medical scanning,2
cellular analysis,2
cellular,2
academic research,2
academic,2
molecular diagnostics,2
medical facilities,2
stationary power,2
major appliances,2
residential water,2
large portion,2
retail outlets,2
light-emitting,2
intelligent platforms,2
intelligent,2
embedded computing,2
embedded systems,2
new financings,2
various companies,2
outstanding credit,2
retail programs,2
broad distribution,2
consistent return,2
overall balance,2
mid-market expertise,2
mid-market,2
collateralized loans,2
major capital,2
industrial bank,2
established,2
successful,2
strong collateral,2
full range,2
global basis,2
other savings,2
medium enterprise,2
medium,2
available-for-sale security,2
recreational vehicle,2
recreational,2
marine equipment,2
new acquisitions,2
floating-rate,2
income-producing,2
tax-exempt bonds,2
advantageous,2
demographic,2
future sales,2
globally,2
structured equity,2
broad-based,2
commercial finance,2
midstream,2
other finance,2
commercial passenger,2
regional jets,2
large infrastructure,2
principal retirement,2
certain cases,2
ge-funded research,2
ge-funded,2
also made,2
significant expenditures,2
environmental matters,2
such statutes,2
responsible parties,2
original disposal,2
such remediation,2
annual expenditures,2
collective bargaining,2
also available,2
not constitute,2
different â,2
global economic,2
costly,2
over-the-counter,2
not being,2
active business,2
certain active,2
international tax,2
non-u.s. banks,2
previous occasions,2
retroactively,2
more difficult,2
new products,2
various factors,2
operational financial,2
acceptable terms,2
alternatively,2
sustained,2
negatively,2
economic indicators,2
directly related,2
low interest,2
upward pressure,2
upward,2
not sufficient,2
largely,2
historical delinquency,2
related margins,2
s long-term,2
œaa,2
œmoodyâ,2
œaa2â,2
œa-1,2
œp-1â,2
more sophisticated,2
vulnerable,2
improper use,2
improper,2
unauthorized access,2
operational failures,2
rigorous,2
technological change,2
independently developing,2
services similar,2
duplicative,2
ours,2
confidential business,2
third-party suppliers,2
plants located,2
purported class,2
purported,2
federal securities,2
indirect,2
former employees,2
antitrust violations,2
antitrust,2
accurately,2
total number,2
yet be,2
free,2
œnon-gaap,2
financial measuresâ,2
similarly,2
cost/income such,2
global organization,2
new technology,2
improved service,2
improved,2
quickly,2
such businesses,2
otherwise noted,2
comparable amount,2
actual contributions,2
pay-as-you-go basis,2
pay-as-you-go,2
average borrowings,2
significant effect,2
global earnings,2
certain types,2
global funding,2
significant business,2
non-u.s. operations,2
foreign companies,2
foreign taxes,2
foreign law,2
foreign earnings,2
full tax,2
statutory tax,2
œtax,2
relative effect,2
other information,2
associated,2
pre-tax earnings,2
low tax,2
consolidated return,2
consolidated tax,2
group absent,2
absent,2
negative,2
pre-tax loss,2
undistributed,2
strategic operational,2
next year,2
reputational risks,2
key risks,2
broad market,2
such risks,2
overall risk,2
public policy,2
standardized,2
senior level,2
functional leaders,2
principal responsibility,2
human resources,2
corporate function,2
robust,2
senior risk,2
not limited,2
quarterly basis,2
key risk,2
forth,2
broad markets,2
also provided,2
longer allocate,2
active employee,2
mainly driven,2
primarily non-material,2
non-material related,2
non-material,2
favorably,2
net losses,2
lower-taxed earnings,2
net gains,2
corporate costs,2
flat,2
global research,2
separately reported,2
after-tax gain,2
thus,2
new profit,2
other global,2
down,2
primarily resulting,2
australian dollar,2
financial resources,2
significant changes,2
foreseeable future,2
foreseeable,2
not other,2
structured products,2
collateralized debt,2
total rmbs,2
subprime rmbs,2
large loans,2
large loan,2
assets such,2
unrealized gain,2
enhancements such,2
imminent,2
other regulator,2
contractual cash,2
adequate capital,2
total pre-tax,2
other-than-temporary losses,2
non-credit,2
related losses,2
œat-riskâ,2
adverse changes,2
amount aged,2
structured securities,2
few years,2
important elements,2
directly comparable,2
various european,2
global energy,2
major risk,2
not carried,2
œdelinquentâ,2
post acquisition,2
post,2
initially recorded,2
initially,2
estimable cash,2
contractually delinquent,2
recently restructured,2
classified,2
satisfactory payment,2
satisfactory,2
introductory,2
interest-only payments,2
interest-only,2
re-indexed,2
outstanding receivables,2
overall financing,2
industrial equipment,2
underlying businesses,2
asset-backed lending,2
asset-based financing,2
receivables related,2
particularly,2
global property,2
local market,2
potential losses,2
certain loans,2
ultimately,2
principal forgiveness,2
related loan,2
relevant facts,2
other consideration,2
limited liquidity,2
typically resulted,2
specific reserve,2
revolving portfolios,2
not participate,2
government-sponsored mortgage,2
non-sovereign,2
third-party mortgage,2
highly rated,2
central,2
ongoing basis,2
geographically,2
estimates available,2
uncertainty surrounding,2
surrounding commercial,2
surrounding,2
necessarily result,2
pre-tax impairments,2
prolonged market,2
prolonged,2
further impairments,2
long-term contracts,2
technically,2
aeroderivative units,2
future revenues,2
stressed,2
one-year,2
liquid investments,2
unused credit,2
readily,2
364-day lines,2
term-out feature,2
term-out,2
subordinated notes,2
alternative source,2
foreign banks,2
on-book financings,2
not accounted,2
other collateral,2
cumulative perpetual,2
perpetual,2
aggregate liquidation,2
net proceeds,2
physical share,2
preferred dividend,2
common shareownersâ,2
longer required,2
speculative,2
inherently,2
not make,2
standard master,2
derivative exposures,2
net exposure,2
net exposures,2
appropriate actions,2
additional collateral,2
mutual downgrade,2
mutual,2
short-term rating,2
outstanding interest,2
fully guaranteed,2
entitiesâ,2
immediate repayment,2
ultimate value,2
excess amount,2
such time,2
such debt,2
partially cash,2
covered bonds,2
covered,2
consolidated basis,2
actuarial losses,2
major currencies,2
aoci related,2
non-financial services,2
given,2
total dividends,2
net cash,2
related companies,2
arms-length basis,2
arms-length,2
equivalent credit,2
noncontrolling interest,2
implicit support,2
implicit,2
non-contractual support,2
non-contractual,2
previously transferred,2
future impairments,2
incremental losses,2
other effects,2
commercial portfolios,2
multiple-year terms,2
such agreements,2
various estimates,2
potential impairment,2
useful life,2
internal cash,2
future rentals,2
similar type,2
specific aircraft,2
periodic,2
significant judgment,2
risk-adjusted rate,2
internal forecasts,2
commensurate,2
respective businesses,2
internally developed,2
other relevant,2
comparable businesses,2
equally important,2
likely scenarios,2
future states,2
actual market,2
somewhat,2
more limited,2
potential comparables,2
often limited,2
publicly-traded companies,2
comparative business,2
significantly different,2
non-public subsidiaries,2
non-public,2
otherwise qualify,2
specific circumstances,2
irrelevant,2
also be,2
certain market,2
orderly transactions,2
future periods,2
useful lives,2
indefinite lives,2
significant inputs,2
subsequent-year pension,2
subsequent-year,2
principal benefit,2
significantly affected,2
following effects,2
following year,2
new information,2
indefinite reinvestment,2
non-u.s. business,2
not practicable,2
such earnings,2
not reinvested,2
amounts available,2
future years,2
future tax,2
available tax,2
not consider,2
derivative instrument,2
not measured,2
reasonably estimable,2
possible costs,2
equal likelihood,2
such range,2
not uncommon,2
uncommon,2
reasonably estimate,2
reasonable estimate,2
such factors,2
new statement,2
not change,2
specifically,2
financial measures,2
service-related costs,2
service-related,2
meaningful measure,2
non-operating components,2
other businesses,2
supplemental measure,2
total amount,2
outstanding debt,2
practical,2
originally,2
original maturities,2
financial instrument,2
net assets,2
tangible,2
third party,2
œvariable interest,2
œvariable,2
effective portion,2
such entities,2
securitized,2
global bureau,2
widely,2
reflective,2
broadly,2
independent registered,2
registered,2
public accounting,2
companyâ,2
stock-related information,2
stock-related,2
quarterly information,2
amounts attributable,2
other transactions,2
dividends payable,2
œgecs.â,2
consolidated affiliatesâ,2
net dispositions,2
local currency,2
materially affect,2
multiple components,2
multiple component,2
not significant,2
separate selling,2
other market,2
long-term agreements,2
objective,2
nuclear fuel,2
aeroderivative unit,2
military development,2
long-term contract,2
actual costs,2
contract-specific,2
estimated margin,2
future costs,2
such amounts,2
current status,2
re-aged,2
consecutive minimum,2
consecutive,2
monthly payments,2
cumulative amount,2
re-aging limitation,2
re-aging,2
appropriate rate,2
generally amortized,2
direct costs,2
gross revenues,2
realizable,2
particular loan,2
larger-balance,2
non-homogeneous loans,2
non-homogeneous,2
financial status,2
further attention,2
collateral dependent,2
specific loan,2
certain loan,2
also considered,2
repossessed,2
closed-end loans,2
amortized cost,2
recoverable amount,2
discrete,2
amortizable,2
certain entities,2
significant mortality,2
mostly,2
such benefits,2
unobservable inputs,2
similar instruments,2
predefined thresholds,2
predefined,2
detailed review,2
available information,2
not provided,2
proprietary models,2
similar characteristics,2
either,2
non-recurring fair,2
collective funds,2
net asset,2
additional payment,2
previously purchased,2
certain exceptions,2
contractually specified,2
not recognize,2
caption,2
major classes,2
american,2
statutory interest,2
historical claims,2
estimated percentage,2
valid claims,2
early payment,2
unrealized unrealized,2
total residential,2
loss attributable,2
cumulative impairments,2
first-time impairments,2
incremental charges,2
impaired securities,2
subsequently sold,2
actual maturities,2
certain obligations,2
factored,2
net write-offs,2
operations other,2
depreciable,2
original cost,2
amortization related,2
noncancellable,2
amount rate,2
amount,2
% payable,2
total gecs,2
above,2
not relieved,2
primary obligation,2
such receivables,2
postretirement,2
year-end benefit,2
subsequent year,2
future return,2
expected rate,2
market-related value,2
consistently applied,2
actual allocation,2
actual allocations,2
strategic targets,2
strategic investment,2
occasionally,2
near term,2
near,2
other cash,2
generally be,2
aggregate holdings,2
real property,2
tables present,2
net unrealized,2
net amount,2
amortized amounts,2
net liability,2
non-current compensation,2
non-u.s. jurisdictions,2
external credit,2
prior years,2
actual income,2
global subsidiaries,2
non-u.s. loss,2
various years,2
redeemable securities,2
various dates,2
rsus settleable,2
settleable,2
total shares,2
future issuance,2
average exercise,2
average aggregate,2
aggregate average,2
intrinsic shares,2
contractual value,2
risk-free interest,2
risk-free,2
cost related,2
nonvested,2
average period,2
rsus outstanding,2
share-based compensation,2
share-based,2
excess tax,2
marketable securities,2
other items,2
former qspes,2
equivalent shares,2
new investment,2
municipal â,2
derivative receivables,2
legally,2
enforceable master,2
enforceable,2
cumulative adjustment,2
œgecs revenues,2
œgecs,2
œinterest,2
financial chargesâ,2
recent trading,2
derivative liabilities,2
not reflected,2
notional amounts,2
economic hedges,2
other contracts,2
contemporaneously,2
same caption,2
forward points,2
economic risk,2
other derivatives,2
principal investment,2
investment principal,2
statistically validated,2
statistically,2
fully mitigate,2
secured financing,2
estate-debt,2
general credit,2
metropolitan area,2
metropolitan,2
past due,2
unsecured lending,2
medium-sized enterprises,2
medium-sized,2
predominantly secured,2
approximate credit,2
alternative funding,2
decision-making,2
professional judgment,2
economic interests,2
contractual arrangements,2
contingent,2
passive investments,2
variable interests,2
other total,2
such arrangements,2
œproceeds,2
combined,2
per-share amount,2
œcorporate,2
œcompensation,2
s quarterly,2
duly,2
exact name,1
exact,1
other jurisdiction,1
principal executive,1
well-known,1
seasoned issuer,1
seasoned,1
reports pursuant,1
such reports,1
such filing,1
corporate web,1
such files,1
delinquent filers,1
filers pursuant,1
not contained,1
herein,1
œlarge,1
œaccelerated filerâ,1
œaccelerated,1
œsmaller reporting,1
œsmaller,1
aggregate market,1
not held,1
last business,1
recently completed,1
fiscal quarter,1
therein,1
diversified technology,1
industrial products,1
also operated,1
global business,1
able competition,1
many instances,1
competitive climate,1
leading firms,1
leading,1
commercial broadcast,1
other film,1
œforward-looking statementsâ,1
not past,1
words such,1
œexpect â,1
œexpect,1
œanticipate â,1
œanticipate,1
œintend â,1
œintend,1
œplan â,1
œplan,1
œbelieve â,1
œbelieve,1
œseek â,1
œseek,1
œsee â,1
œsee,1
different degrees,1
particular uncertainties,1
current economic,1
financial conditions,1
potential market,1
other impacts,1
japanese consumer,1
current credit,1
not do,1
regulatory investigative,1
strategic actions,1
potential information,1
national regional,1
global scale,1
political economic,1
competitive nature,1
œrisk,1
not undertake,1
consolidated data,1
separate segments,1
quarterly report,1
longstanding practice,1
longstanding,1
resources such,1
other customers,1
industrial cogeneration,1
mechanical drive,1
other hydrocarbons,1
synthetic gas,1
synthetic,1
primary fuel,1
combined-cycle systems,1
combined-cycle,1
electric utility,1
nuclear reactors,1
boiling water,1
boiling,1
remote performance,1
s strict,1
environmental regulations,1
municipal water,1
electric grid,1
significant product,1
industrial automation,1
electrical distribution,1
residential commercial,1
customer-focused solutions,1
customer-focused,1
electric power,1
commercial lighting,1
aeroderivative lines,1
regional growth,1
important factors,1
future development,1
more efficient,1
sustainable use,1
sustainable,1
global oil,1
entire value,1
downstream processing,1
downstream,1
high pressure,1
auxiliary equipment,1
auxiliary,1
peak condition,1
peak,1
main oil,1
available technology,1
environmental performance,1
subsea risers,1
subsea,1
submersible pumps,1
submersible,1
mature fields,1
mature,1
related replacement,1
military engines,1
also being,1
certain aircraft,1
marine engine,1
particular aircraft,1
negligible,1
direct investment,1
certain engine,1
standard form,1
specific product,1
global aerospace,1
airborne platform,1
airborne,1
mechanical actuation,1
various engine,1
many models,1
often provided,1
worldwide competition,1
key aircraft,1
regulatory standards,1
potential sales,1
technological lifetime,1
considerably depending,1
limited number,1
relevant airframe,1
essential healthcare,1
essential,1
fast,1
non-invasive way,1
non-invasive,1
broken bones,1
broken,1
early stages,1
human body,1
clearly,1
ever,1
remote diagnostic,1
computerized data,1
computerized,1
technological competence,1
high product,1
competitive pricing,1
key factors,1
underserved markets,1
underserved,1
numerous government,1
various laws,1
other government,1
high-horsepower,1
diesel-electric locomotives,1
diesel-electric,1
technologically advanced,1
technologically,1
efficient locomotive,1
electrical drive,1
large haulage,1
marine power,1
information-based services,1
information-based,1
remote monitoring,1
several characteristics,1
competitive design,1
efficient manufacturing,1
effective distribution,1
competitive markets,1
more profitable,1
profitable such,1
profitable,1
primarily directed,1
other lighting,1
major home,1
certain products,1
global manufacturers,1
new construction,1
second major,1
original equipment,1
in-home repair,1
in-home,1
commercial industrial,1
full lines,1
fluorescent,1
high-intensity discharge,1
high-intensity,1
light-emitting diode,1
automotive,1
miniature products,1
miniature,1
advanced software,1
financial programs,1
strategic partnerships,1
industry-specific expertise,1
industry-specific,1
market-specific opportunities,1
market-specific,1
aggressively focusing,1
aggressively,1
non-strategic,1
retail deposit,1
established online,1
retail deposits,1
regulatory approval,1
italian,1
corporate bank,1
partial interest,1
competition related,1
successful management,1
risks such,1
specific knowledge,1
mid-sized retailers,1
mid-sized,1
controlling interest,1
controlling,1
rates chargeable,1
chargeable,1
financial service,1
promotional marketing,1
promotional,1
retail sales,1
consumerâ,1
intermediate term,1
senior fixed,1
commercial mortgage,1
limited partnerships,1
global portfolio,1
economically advantageous,1
certain forces,1
demographic conditions,1
financial companies,1
capital-intensive energy,1
capital-intensive,1
early-to-later-stage companies,1
early-to-later-stage,1
available capital,1
unallocated,1
non-allocated amounts,1
non-allocated,1
unconsolidated interest,1
diversified media,1
other content,1
global audience,1
geographic operations,1
œselected,1
different union,1
local bargaining,1
such employees,1
four-year agreements,1
four-year,1
modestly,1
ongoing costs,1
aggregate basis,1
new features,1
consumer-directed health,1
consumer-directed,1
various labor,1
œdirectors,1
geographic dispersion,1
numerous sources,1
numerous patents,1
continuously being,1
patented inventions,1
patented,1
substantially dependent,1
single patent,1
related patents,1
defense-related sales,1
defense-related,1
quarterly reports,1
current reports,1
soon,1
reasonably practicable,1
such information,1
following discussion,1
œforward-looking statements,1
elsewhere,1
related notes,1
about important,1
certain important,1
important operational,1
strategic risks,1
material,1
future developments,1
political risks.we,1
global competition,1
geopolitical risks,1
geopolitical,1
economic environments,1
anticipated default,1
political changes,1
disruptive,1
particular location,1
political risks,1
insurable,1
such attempts,1
always successful,1
such mitigation,1
more costly,1
volatile market,1
volatile,1
significant ways.our,1
non-u.s. laws,1
outright,1
substantial revision,1
non-bank,1
over-the-counter derivatives,1
regulatory risks,1
allowable lending,1
allowable,1
local capital,1
other non-u.s.,1
private sectors,1
medical device,1
pre-market authorization,1
pre-market,1
post-market surveillance,1
post-market,1
adverse impact,1
governmental programs,1
governmental regulations,1
governmental authorities,1
private litigation,1
sizable number,1
sizable,1
40-mile stretch,1
40-mile,1
œlegal,1
appropriate risk,1
diverse nature,1
other contingencies,1
not achieve,1
other benefits,1
various markets,1
additional operational,1
financial legal,1
potential disposition,1
longer help,1
alternative exit,1
timely manner,1
pre-closing conditions,1
pre-closing,1
necessary regulatory,1
governmental approvals,1
also involve,1
financial involvement,1
divested businesses,1
divested,1
sustained increases,1
positively,1
negatively affected,1
actuarial valuations,1
financial market,1
significant year-end,1
annual measurement,1
significant change,1
related key,1
likely affect,1
continued environment,1
sustained market,1
current employees,1
future funding,1
actively sought,1
further diversify,1
asset-based funding,1
substantially increase,1
overall profitability,1
short-term funding,1
longer-term funding,1
longer-term,1
different industries,1
sovereign governments,1
institutional clients,1
institutional,1
full amount,1
derivative exposure,1
exposure due,1
initial credit,1
highly dependent,1
largely dependent,1
historical norms,1
high levels,1
excess inventory,1
limited availability,1
net sales,1
negatively impact,1
other management,1
inaccurate predictors,1
inaccurate,1
major debt,1
financial strength,1
various debt,1
additional capital,1
non-financial businesses.the,1
economic growth,1
other challenges,1
timely fashion,1
highly cyclical,1
cyclical,1
international economies,1
extended period,1
extended,1
slow growth,1
slow,1
internationally,1
fully recover,1
similar conditions,1
significant period,1
significant deterioration,1
comprehensive monitoring,1
protective systems,1
protective,1
potentially vulnerable,1
persistent threats,1
persistent,1
customer-imposed controls,1
customer-imposed,1
third-party service,1
human errors,1
potentially lead,1
defective products,1
defective,1
operational disruptions,1
new product,1
continued revenue,1
sophisticated products,1
specialized services,1
specialized,1
third-party products,1
leading-edge technology,1
leading-edge,1
extensive,1
operational processes,1
such products,1
rigorous quality,1
not experience,1
operational process,1
potential product,1
environmental risks,1
long-term operating,1
continually develop,1
market new,1
innovative products,1
innovative,1
adequately deter,1
also face,1
not invested,1
improperly acquiring,1
improperly,1
unauthorized use,1
opportunistic enforcement,1
opportunistic,1
non-practicing entities,1
non-practicing,1
such claims,1
expensive,1
time-consuming,1
third-party rights,1
substantial damages,1
such licenses,1
reasonable terms,1
raw material,1
competitive positions,1
quality,1
third-party providers,1
reputational harm,1
false,1
misleading statements,1
misleading,1
additional equity,1
now been,1
federal court,1
same allegations,1
related case,1
fiduciary duty,1
fiduciary,1
other causes,1
action related,1
industry-wide investigation,1
industry-wide,1
indirect subsidiary,1
agenciesâ,1
subsequently transferred,1
third-party action,1
common laws,1
additional actions,1
environmental proceedings,1
potentially involving,1
monetary sanctions,1
monetary,1
non-compliance,1
exclusively,1
other entity,1
not indicate,1
specific penalty,1
statutory fines,1
federal counts,1
non-federal counts,1
non-federal,1
similar notices,1
accurately report,1
certain materials,1
meritorious defenses,1
meritorious,1
œmarket information,1
œmarket,1
principal market,1
also listed,1
high low,1
approximate dollar,1
number average,1
fiscal calendar,1
various benefit,1
free cash,1
public markets,1
other sources,1
cumulative return,1
annual changes,1
quarterly dividends,1
cumulative dollar,1
key information,1
common share,1
outstanding â,1
common shareowner,1
total employees,1
consolidated information,1
industrial manufacturing,1
accompanying analysis,1
accompanying,1
such measures,1
supplemental explanations,1
captions such,1
simply,1
œrevenuesâ,1
œearningsâ,1
also reporting,1
challenging conditions,1
much,1
volume due,1
world-wide demand,1
world-wide,1
new sources,1
market-leading technology,1
volume related,1
weakened economy,1
weakened,1
overall reductions,1
continued stabilization,1
several years,1
proactive risk,1
proactive,1
significant increase,1
also reduced,1
diversely funded,1
diversely,1
more focused,1
strong positions,1
commercial mid-market,1
following quarter,1
ongoing results,1
œsegment,1
per-share dividends,1
preceding year,1
preceding,1
detailed discussion,1
significant matters,1
continued amortization,1
early retirement,1
long-term returns,1
assumed,1
actual returns,1
general company,1
previous year,1
future contributions,1
actual plan,1
actual experience,1
current benefit,1
unfunded liability,1
principal retiree,1
future effects,1
benchmark interest,1
average composite,1
composite,1
average assets,1
commercial enterprise,1
many factors,1
global mix,1
routinely audited,1
audited,1
sometimes affect,1
consolidated earnings,1
also reflected,1
global interest,1
non-u.s. operating,1
exports.â,1
significant part,1
higher-taxed jurisdictions,1
higher-taxed,1
detailed analysis,1
consolidated rate,1
associated income,1
separate analysis,1
such resolutions,1
effective income,1
negative tax,1
positive tax,1
positive,1
also increasing,1
œall other-netâ,1
other-netâ,1
large part,1
one-time benefit,1
one-time,1
benefit related,1
asset related,1
disciplined approach,1
disciplined,1
diversified organization,1
adequately compensated,1
individual transaction,1
aggregated risk,1
aggregated,1
collateral-type levels,1
collateral-type,1
significant risks,1
jointly develop,1
major risks,1
regularly scheduled,1
chief risk,1
other employees,1
specific risks,1
also began,1
previously was,1
ongoing compliance,1
management related,1
similar matters,1
s environmental,1
not encourage,1
unnecessary risk,1
unnecessary,1
corporate strategy,1
senior executive,1
nominating,1
risk related,1
related person,1
standardized reviews,1
long-term strategic,1
operational planning,1
regulatory compliance,1
environmental compliance,1
enterprise-wide basis,1
enterprise-wide,1
key business,1
appropriate management,1
s overall,1
functional level,1
competitive threats,1
external events,1
financial risk,1
reasonable market,1
financial loss,1
regulatory environment,1
environmental health,1
regulatory risk,1
regulatory actions,1
additional cost,1
functional leader,1
most suited,1
continually monitor,1
general response,1
general guidelines,1
particular business,1
standardized processes,1
comprehensive tollgate,1
contractual service,1
legal financial,1
centrally,1
economic activity,1
robust risk,1
robust processes,1
previously undertaken,1
significant acquisitions,1
significant borrowings,1
senior leaders,1
senior managementâ,1
appropriate systems,1
effectively identified,1
individual business,1
dual reporting,1
dual,1
local business,1
corporate-level function,1
corporate-level,1
major tenets,1
broad spread,1
senior secured,1
commercial financings,1
transactions underwritten,1
œon-bookâ,1
reputational risk,1
significant investments,1
key universe,1
regulatory assessments,1
economic capital,1
current portfolio,1
risk-taking,1
fundamental characteristic,1
fundamental,1
judiciously,1
strategic goals,1
integral part,1
integral,1
overall planning,1
strategic portfolio,1
decisions such,1
high-level scenarios,1
high-level,1
capital-wide stress,1
capital-wide,1
also expressed,1
senior management,1
large enterprise,1
effectively manage,1
unexpected losses,1
unexpected,1
internal performance,1
matters such,1
similar expenses,1
in-process research,1
in-process,1
acquisition-related charges,1
certain gains,1
current management,1
particular segmentâ,1
œoperating profit,1
œoperating,1
œnet earnings,1
œnet,1
industrial revenues,1
industrial segment,1
thermal equipment,1
commercial spares,1
incremental research,1
partial sale,1
international markets,1
international locomotive,1
global mining,1
total transportation,1
also increased,1
certain amounts,1
internal purposes,1
after-tax losses,1
geographic regions,1
other regions,1
global regions,1
regional economies,1
economic stress,1
certain risks,1
certain operations,1
meaningfully be,1
meaningfully,1
geographic areas,1
œother globalâ,1
geographic revenues,1
external customers,1
global revenue,1
global assets,1
various businesses,1
selective borrowings,1
local currencies,1
selective hedging,1
significant cross-currency,1
principal currencies,1
canadian dollar,1
canadian,1
major changes,1
significant elements,1
significant captions,1
œconsolidatedâ,1
meaningful analysis,1
subsequently downgraded,1
overall creditworthiness,1
municipal securities,1
not purchased,1
financial stress,1
insured securities,1
insured,1
expected credit,1
qualitative review,1
not indicative,1
mortgage-backed asset-backed,1
various assets,1
new orders,1
significant number,1
lean cycle,1
lean,1
efficient use,1
overall increase,1
up,1
partially due,1
primary sources,1
certain elements,1
largely non-u.s.,1
asian countries,1
asian,1
total portfolio,1
secured positions,1
comparatively,1
low loss,1
œnonearningâ,1
otherwise doubtful,1
œnonaccrualâ,1
consumer non-u.s.,1
future dates,1
negative amortization,1
adjustable rate,1
adjustable,1
primarily non-u.s.,1
ratios related,1
below,1
related metrics,1
significant portfolios,1
overall improvement,1
overall decrease,1
nonearning exposures,1
leveraged finance,1
loans attributable,1
primarily commercial,1
european hotel,1
retail loans,1
new european,1
multi-family delinquencies,1
primarily collateralized,1
owner-occupied properties,1
intense focus,1
particularly sensitive,1
evenly,1
incremental loan,1
macroeconomic conditions,1
macroeconomic,1
individual borrower,1
high degree,1
non-u.s. mortgage,1
first lien,1
total mortgage,1
reindexed,1
ratio equal,1
loan-to-value information,1
european platforms,1
therefore excluded,1
nonaccrual loans,1
œimpairedâ,1
nonaccrual receivables,1
nonearning category,1
previously restructured,1
ultimately collect,1
unpaid balance,1
losses commercial,1
recoverable commercial,1
total allowance,1
qualitative factors,1
adequate debt,1
contractual interest,1
dependent loans,1
troubled debt,1
troubled,1
primarily relating,1
additional compensation,1
many situations,1
adequately covered,1
adequate collateral,1
still required,1
certain short-term,1
short-term modifications,1
not classified,1
insignificant interest,1
short-term programs,1
short-term modification,1
major portfolios,1
well diversified,1
european geographies,1
œfocus countriesâ,1
œfocus,1
deterioration due,1
fiscal situations,1
funded exposures,1
unfunded commitments,1
receivable amounts,1
related obligor,1
non-sovereign obligors,1
non-financial institutions,1
sovereign issuers,1
sovereign issuances,1
sovereign entities,1
other focus,1
entire amount,1
excludes other,1
funded assets,1
short-term placement,1
central banks,1
national entities,1
sovereign bonds,1
non-focus countries,1
non-focus,1
parent obligor,1
parent,1
actively manage,1
overall exposure,1
appropriate action,1
excess risk,1
historically mitigated,1
actual loss,1
european commercial,1
european markets,1
nonfinancing customer,1
nonfinancing,1
productive use,1
productive,1
total expenditures,1
new capacity,1
new equipment,1
other purposes,1
purposes such,1
notably,1
short-term disposition,1
strong focus,1
annual financial,1
liquidity necessary,1
primarily purchase,1
general expenses,1
historically maintained,1
fiscal quarters,1
stressed conditions,1
diversified source,1
unsecured term,1
retail funding,1
other funding,1
primarily repaid,1
detailed liquidity,1
different stress,1
potential issues,1
external indicators,1
various stress,1
such events,1
one-year anniversary,1
recently finalized,1
certain organizations,1
annual capital,1
proposed regulation,1
proposed,1
yet determined,1
large savings,1
separate rulemaking,1
regulatory restrictions,1
other growth,1
foreign withholding,1
restricted countries,1
centrally-managed portfolio,1
centrally-managed,1
unencumbered,1
supranational securities,1
supranational,1
select group,1
select,1
readily obtain,1
stressed market,1
aggregate cash,1
committed credit,1
committed,1
borrowings outstanding,1
new issuances,1
substantially repaid,1
overseas cash,1
overseas,1
certain senior,1
tlgp-guaranteed debt,1
tlgp-guaranteed,1
non-recourse issuances,1
overall funding,1
not engage,1
deposit-taking capability,1
deposit-taking,1
total alternative,1
related eps,1
preferred share,1
selective use,1
certain financial,1
diverse markets,1
local funding,1
always efficient,1
strict policies,1
speculative activities,1
potential effects,1
so-called â,1
so-called,1
œshockâ,1
such tests,1
inherently limited,1
actual effects,1
many variables,1
financial investments,1
expected interest,1
œparallel shiftâ,1
œparallel,1
consolidated currency,1
then evaluated,1
derivative conditions,1
not maintained,1
certain debt,1
other rating,1
net derivative,1
derivative agreements,1
consolidated entity,1
extent necessary,1
single aggregation,1
not affect,1
promptly return,1
promptly,1
such debentures,1
debentures outstanding,1
inclusive,1
currencies other,1
insurance-related assets,1
insurance-related,1
cross currency,1
cross,1
aoci contemporaneous,1
contemporaneous,1
hedged items,1
hedged,1
principal source,1
liquidity available,1
public capital,1
primarily provided,1
private markets,1
given period,1
incremental amount,1
otherwise collected,1
incremental cash,1
significant source,1
customer-related activities,1
significant operating,1
distinct,1
normal dividends,1
excess capital,1
normal dividend,1
same period,1
receivables due,1
australian home,1
certain business,1
payments due,1
take-or-pay arrangements,1
take-or-pay,1
minimum programming,1
contractually required,1
other guarantees,1
determinable cash,1
flows such,1
structured settlements,1
certain property,1
non-current liabilities,1
floorplan inventory,1
floorplan,1
other vies,1
on-book assets,1
rigorous controls,1
additional investments,1
new asset,1
most critical,1
also see,1
acceptable alternatives,1
also reflect,1
future monitoring,1
other resources,1
future billing,1
regularly revise,1
regularly assess,1
risk inherent,1
contractual penalties,1
future utilization,1
close interaction,1
close,1
critical services,1
services agreementâ,1
agreementâ,1
s total,1
evident,1
third-party asset,1
impaired asset,1
internal business,1
appropriate interest,1
independent appraisals,1
significant concentration,1
particularly subject,1
quarterly evaluations,1
circumstances such,1
re-leased,1
current lease,1
specific lesseeâ,1
global demand,1
independent appraisers,1
future leases,1
technical costs,1
technical,1
commercial aviation,1
inherently judgmental,1
judgmental,1
estimated holding,1
periodic cycles,1
significant fluctuations,1
underlying asset,1
uncertainty related,1
especially,1
illiquid markets,1
illiquid,1
inherent imprecision,1
method such,1
actuarial models,1
related effects,1
critical assumptions,1
country-specific basis,1
country-specific,1
demographic factors,1
given year,1
often differ,1
market-observed yields,1
market-observed,1
long-term return,1
annual earnings,1
25-year periods,1
25-year,1
historical returns,1
annual tax,1
opportunities available,1
various jurisdictions,1
different interpretations,1
respective governmental,1
positions quarterly,1
future operations,1
heavily,1
long-range business,1
diversified business,1
various prudent,1
prudent,1
feasible tax,1
feasible,1
future deductions,1
such year-end,1
statutory expiration,1
foreign exchange,1
related derivative,1
correctly,1
particular relationship,1
prospectively,1
internal valuation,1
market-based assumptions,1
market-based,1
third-party confirmation,1
assumptions such,1
appropriate discount,1
then making,1
appropriate adjustments,1
risks specific,1
other loss,1
unresolved matters,1
future loss,1
such contingencies,1
environmental obligations,1
regulatory proceedings,1
other events,1
ultimate loss,1
low-end,1
particular contingency,1
often difficult,1
potential effect,1
future events,1
ultimate resolution,1
moreover,1
such matters,1
many years,1
relevant developments,1
continuously evaluated,1
possible loss,1
directly dependent,1
regulatory agencies,1
interested parties,1
interested,1
low estimates,1
unrealized changes,1
nonfinancial assets,1
nonfinancial,1
own equity,1
net basis,1
gross exposure,1
liability consistent,1
not permitted,1
immaterial,1
accepted accounting,1
accepted,1
various sections,1
comparable gaap,1
separate presentation,1
industrial operations,1
non-financial businesses,1
non-service,1
related pension,1
actuarial gains/losses,1
operational results,1
other components,1
operational performance,1
necessarily indicative,1
dividend related,1
period-to-period results,1
period-to-period,1
similarly titled,1
ongoing trend,1
relevant measure,1
consistent basis,1
above-named ratios,1
above-named,1
debt due,1
useful comparison,1
gaap-based ratio,1
gaap-based,1
equity-like characteristics,1
equity-like,1
practically be,1
practically,1
further contributed,1
potential limitations,1
more comparable,1
originally reported,1
useful indicator,1
substantial amount,1
future debt,1
additional assets,1
previously communicated,1
gecs earnings,1
gecs,1
useful information,1
unfilled customer,1
unfilled,1
liquid debt,1
typically included,1
existing asset,1
existing,1
unregistered promise,1
unregistered,1
specified period,1
overnight,1
forwards,1
common derivative,1
discontinued operations,1
discontinued,1
longer be,1
separately classified,1
not represent,1
current accounting,1
also referred,1
œactual tax,1
œactual,1
tax rateâ,1
rateâ,1
œtax rate.â,1
rate.â,1
ending,1
rental equipment,1
less accumulated,1
corresponding changes,1
contractual loans,1
future date,1
commonly used,1
commonly,1
goodwill,1
deposit-type products,1
deposit-type,1
minimum rate,1
many business,1
œnaturally hedgedâ,1
œnaturally,1
fixed-rate investment,1
fixed-rate borrowings,1
natural interest,1
intangible asset,1
non-financial asset,1
physical substance,1
typical arrangement,1
fixed amount,1
variable payments,1
governmental body,1
ownership such,1
same currency,1
synthetically,1
fixed interest,1
fixed rate,1
floating rate,1
floating,1
concurrently,1
pay-fixed interest,1
pay-fixed,1
monetization sale,1
monetization,1
financial buyers,1
typically providing,1
often agreeing,1
normally,1
interest-bearing assets,1
interest-bearing,1
œsecuritizationâ,1
not attributable,1
generally involving,1
not result,1
separate component,1
different currency,1
such hedges,1
current period,1
œgoodsâ,1
tangible products,1
œservicesâ,1
other sales,1
œproduct services,1
œproduct,1
important part,1
specified services,1
constant currency,1
significantly limited,1
entirely specified,1
legal documents,1
significant limitations,1
after-tax interest,1
typical transaction,1
beneficial interests,1
beneficial,1
third-party investors,1
securitized assets,1
œmonetizationâ,1
related discussion,1
global borrowers,1
various qualitative,1
quantitative factors,1
score such,1
widely accepted,1
individual consumer,1
internally modeled,1
more reflective,1
stand-alone,1
generic bureau,1
generic,1
broadly based,1
œworking capital.â,1
œworking,1
additional subordinated,1
financial support,1
other parties,1
expected losses,1
residual returns,1
related statements,1
œcosoâ,1
significant estimates,1
other procedures,1
reasonable basis,1
external purposes,1
reasonable detail,1
as necessary,1
timely detection,1
unauthorized acquisition,1
inherent limitations,1
inadequate,1
s consolidated,1
additional analysis,1
individual entities,1
fairly stated,1
unaudited,1
total other,1
consolidated assets,1
only be,1
net financing,1
consolidated liabilities,1
certain vies,1
net attributable,1
first evaluate,1
potential rights,1
significant benefits,1
significant losses,1
unilaterally,1
substantive removal,1
other partners,1
significant influence,1
prior-year amounts,1
current-yearâ,1
related measurements,1
affiliates other,1
respective affiliates,1
prior-period information,1
functional currency,1
year-end exchange,1
average rates,1
respective periods,1
related disclosures,1
actual conditions,1
such changes,1
determinable sales,1
upfront deliverable,1
upfront,1
large machinery,1
deliverables such,1
future delivery,1
ancillary products,1
ancillary,1
relative values,1
undelivered components,1
undelivered,1
overall arrangement,1
typically delivered,1
pro rata,1
pro,1
rata,1
objectively determined,1
objectively,1
sources such,1
similar item,1
similar items,1
such evidence,1
specific factors,1
such returns,1
customer-specified,1
objective criteria,1
reliably demonstrated,1
reliably,1
formal acceptance,1
formal,1
anticipated losses,1
complete major,1
complete,1
contract-specified deliverables,1
contract-specified,1
not sold,1
thereof,1
sometimes complex,1
significant components,1
performance-related guarantees,1
performance-related,1
specific contract,1
specifically measured,1
such provision,1
such losses,1
not recoverable,1
probable sales,1
related costs,1
theatrical distribution,1
theatrical,1
non-refundable fees,1
non-refundable,1
not collected,1
overall receivable,1
nonaccrual non-restructured,1
non-restructured,1
original terms,1
contractual payments,1
reviews equivalent,1
new loans,1
nonaccrual consumer,1
modified consumer,1
modified,1
yet recovered,1
various sources,1
specific asset,1
unrelated,1
minimum lease,1
significant assumptions,1
future remarketing,1
future component,1
significant contingencies,1
sum-of-the-years digits,1
sum-of-the-years,1
generally depreciated,1
significant customer,1
not defer,1
principally comprised,1
residual costs,1
individual production,1
current periodâ,1
anticipated release,1
public acceptance,1
historical results,1
similar products,1
associated programs,1
realizable value,1
subsequent recoveries,1
written-off account,1
written-off,1
œtroubled debt,1
œtroubled,1
individually reviewed,1
œnonaccrual financing,1
œnonaccrual,1
œnonearning financing,1
œnonearning,1
same financing,1
mutually exclusive,1
mutually,1
exclusive,1
nonaccrual loan,1
nonearning loan,1
current aging,1
other analyses,1
current trends,1
other observable,1
environmental factors,1
commercial loan,1
smaller-balance,1
entire portfolio,1
specific credit,1
support related,1
further assessment,1
marginal,1
asset-based loans,1
always available,1
often result,1
respective line,1
multiple factors,1
individual loan,1
further discussion,1
analogous products,1
analogous,1
formulaic approach,1
formulaic,1
overall reserve,1
not re-aged,1
loan-by-loan basis,1
loan-by-loan,1
short-term payment,1
economic consideration,1
additional fees,1
normal underwriting,1
carefully,1
repossessed collateral,1
closed-end installment,1
unsecured open-ended,1
open-ended,1
collateral other,1
unsecured consumer,1
contractual write-off,1
balance impaired,1
early settlement,1
specific facts,1
partial sales,1
marketable equity,1
other equity,1
applicable taxes,1
other adjustments,1
entire difference,1
amount equal,1
specific identification,1
realizable values,1
intangible assetswe,1
not amortize,1
prepared,1
regularly reviewed,1
single reporting,1
economic characteristics,1
business disposed,1
other intangibles,1
such lives,1
individually significant,1
significant customer-related,1
municipal authorities,1
certain annuity,1
traditional insurance,1
particular type,1
not fixed,1
short-duration insurance,1
short-duration,1
related agreements,1
pro-rata basis,1
pro-rata,1
whole life,1
whole,1
annuities payable,1
not reported,1
net premiums,1
ultimate obligations,1
incurred-but-not-reported claims,1
incurred-but-not-reported,1
estimated claim,1
continually reviewed,1
independent sources,1
identical instruments,1
not active,1
model-derived valuations,1
model-derived,1
significant value,1
data available,1
independent price,1
certain instruments,1
such reviews,1
weekly,1
current interest,1
current appraisals,1
individuals independent,1
individual measurements,1
third-party valuation,1
publicly-traded equity,1
large numbers,1
similar investment,1
readily accessible,1
accessible,1
individual investment,1
various pricing,1
observable sources,1
benchmark yields,1
benchmark securities,1
market-related data,1
not trade,1
daily basis,1
applicable such,1
benchmark curves,1
like securities,1
like,1
available market,1
certain securities,1
rather determined,1
infrequent circumstances,1
infrequent,1
market observable,1
on-site walk-throughs,1
on-site,1
individual securities,1
various durations,1
established challenge,1
erroneous prices,1
erroneous,1
primary basis,1
relevant market,1
specific instrument,1
not adjusted,1
third-party brokers,1
proprietary valuation,1
applicable similar,1
internal reviews,1
such investment,1
stale,1
prior valuations,1
other anomalies,1
accurate,1
representative,1
over-the-counter markets,1
internal models,1
embedded optionality,1
non-financial instruments,1
closed market,1
closed,1
practical expedient,1
data such,1
unavailable,1
not redeemable,1
primarily derived,1
similar assets,1
other instances,1
external appraisal,1
third-party valuations,1
not specific,1
specific collateral,1
conditions due,1
former subsidiary,1
economic projections,1
observable pricing,1
comparable transactions,1
possible control,1
separate components,1
relative selling,1
software-enabled products,1
software-enabled,1
general accounting,1
new revenue,1
materially modified,1
overall impact,1
subsequently were,1
always consolidated,1
also deconsolidated,1
not meet,1
incremental effect,1
net reduction,1
principally related,1
regional sports,1
digital properties,1
unconsolidated investments,1
newly-formed entity,1
newly-formed,1
three-year credit,1
364-day bridge,1
transaction-related cost,1
transaction-related,1
times subject,1
such transactions,1
also entered,1
transitional services,1
transitional,1
amounts necessary,1
potential tax,1
such payments,1
œdeferred income,1
œdeferred,1
also undertaken,1
risk-adjusted rates,1
average cost,1
significant assumption,1
price multiple,1
publicly traded,1
publicly,1
industries similar,1
american bank,1
previous agreement,1
regulatory limits,1
not permit,1
acceptable return,1
estimated interest,1
actual claims,1
loss-sharing terms,1
overall claims,1
unfavorably,1
challenging global,1
japanese legislative,1
legislative,1
regulatory changes,1
large independent,1
significant amount,1
japanese marketplace,1
legal advertising,1
daily claims,1
substantial declines,1
overall rate,1
valid requests,1
payments related,1
average exposure,1
recent experience,1
daily claim,1
personal lending,1
possible claims,1
recent trends,1
substantially discontinued,1
new loan,1
certain representation,1
previously sold,1
either been,1
longer being,1
contractual representations,1
unidentified claims,1
unidentified,1
future loan,1
validly tendered,1
validly,1
small percentage,1
limited amount,1
œvalidly,1
not satisfy,1
second half,1
governmental actions,1
other activity,1
possible claim,1
actual losses,1
actual claim,1
valid tenders,1
historically observed,1
total wmcâ,1
wmcâ,1
after-tax loss,1
primarily represent,1
substantially collateralized,1
government-sponsored entities,1
high-quality properties,1
collateral cash,1
widely depending,1
geographic concentrations,1
monoline insurance,1
monoline,1
incremental credit,1
previous credit,1
value due,1
specific securities,1
certain level,1
early redemptions,1
pre-tax gains,1
industrial customer,1
receivables factored,1
open account,1
open,1
various agencies,1
unbilled shipments,1
unbilled,1
revolving charge,1
intermediate-term loans,1
intermediate-term,1
principal amount,1
gross book,1
other transportation,1
other manufacturing,1
commercial equipment,1
rental income,1
unpaid rentals,1
general obligation,1
third-party participation,1
participation related,1
such notes,1
related rentals,1
subordinate,1
other participants,1
non-recourse financing,1
leases total,1
total minimum,1
payments receivable,1
less principal,1
non-recourse debt,1
net rentals,1
total net,1
loans receivable,1
receivable due,1
related activity,1
equipment depreciable,1
depreciable lives-new,1
lives-new,1
depreciable lives,1
œother costs,1
rentals due,1
indefinite-lived,1
pertinent information,1
pertinent,1
several quarters,1
initial estimates,1
subsequently revised,1
goodwill related,1
then controlling,1
previously accounted,1
annual impairment,1
adjustments consistent,1
similar companies,1
current commercial,1
different loss,1
several factors,1
primary driver,1
other drivers,1
favorable outcome,1
favorable,1
receivable portfolio,1
highly sensitive,1
amortization net,1
finite-lived,1
respective weighted-average,1
weighted-average,1
amortizable period,1
pre-tax amortization,1
long-term receivables,1
deferred borrowing,1
other means,1
unamortized fees,1
year-end balances,1
above amounts,1
variable denomination,1
floating-rate demand,1
put options,1
put,1
final maturity,1
total investment,1
generally ranging,1
œother gecs,1
œinvestment contracts,1
œinvestment,1
postretirement benefit,1
total pension,1
average earnings,1
certain benefit,1
salaried employees,1
salaried,1
supplementary retirement,1
supplementary,1
higher-level longer-service,1
higher-level,1
longer-service,1
total plans,1
active employees,1
vested,1
total principal,1
amounts sufficient,1
minimum funding,1
additional amounts,1
comparative amounts,1
past service,1
current compensation,1
future compensation,1
principally associated,1
unfunded plans,1
asset-liability studies,1
asset-liability,1
short-term debt,1
additional guidelines,1
restricted securities,1
freely,1
diversified portfolio,1
diverse industries,1
direct investments,1
liabilities due,1
such plans,1
eligible participants,1
initial healthcare,1
ultimately declining,1
primarily associated,1
medicare-approved prescription,1
medicare-approved,1
plans due,1
other retiree,1
postretirement pension,1
total changes,1
various items,1
other compensation,1
accruals such,1
numerous remediation,1
possible insurance,1
not known,1
not discounted,1
low end,1
individual sites,1
total reserves,1
corresponding amounts,1
non-u.s.-based operations,1
non-u.s.-based,1
amounts applicable,1
actually paid,1
other foreign,1
cumulative earnings,1
previously provided,1
certain issues,1
previous years,1
unresolved items,1
œunrecognized tax,1
œunrecognized,1
aggregate tax,1
other jurisdictions,1
unresolved issues,1
adequate provision,1
related interest,1
possible changes,1
possible reduction,1
such reduction,1
after-tax earnings,1
before-tax earnings,1
before-tax,1
general business,1
efficient appliances,1
renewable sources,1
non-conventional fuel,1
non-conventional,1
low-income housing,1
low-income,1
taxes aggregate,1
currently deductible,1
deductible,1
such shares,1
prior costs,1
otherwise expired,1
determinable date,1
individually insignificant,1
cumulative dividends,1
average rate,1
individual components,1
aoci attributable,1
limited circumstances,1
independent contractors,1
outstanding grants,1
shareowner-approved option,1
shareowner-approved,1
non-employee directors,1
non-employee,1
unissued,1
related restrictions,1
various increments,1
only issued,1
certain performance,1
independent directors,1
average available,1
not approved,1
outstanding options,1
options outstanding,1
outstanding exercisable,1
exercisable average,1
contractual life,1
average grant-date,1
zero-coupon,1
five-year average,1
historical volatility,1
nonvested options,1
other stock-based,1
stock-based,1
average grant,1
nonvested rsus,1
contractual term,1
future differences,1
estimated tax,1
outstanding option,1
net securitization,1
related gain,1
supplemental cost,1
rental expense,1
rental commitments,1
noncancellable operating,1
amounts payable,1
collaborative arrangements,1
collaborative,1
certain engines,1
stock outstanding,1
compensation-related shares,1
compensation-related,1
total average,1
unvested,1
non-forfeitable rights,1
non-forfeitable,1
share pursuant,1
two-class method,1
two-class,1
insignificant effect,1
outstanding stock,1
diluted earnings,1
diluted,1
antidilutive,1
net balance,1
asset-backed â,1
available-for-sale securities,1
derivative portfolio,1
unrealized net,1
other transfers,1
represented,1
change unrealized,1
other issuances,1
non-financial assets,1
apart,1
actively traded,1
often be,1
financial models,1
commercial mortgages,1
recent transactions,1
currently offered,1
immediate annuity,1
single premium,1
above disclosures,1
such items,1
certain categories,1
certain insurance,1
balance due,1
not use,1
speculative purposes,1
not match,1
related assets,1
derivative transaction,1
related factors,1
foreign subsidiaries,1
derivative activities,1
certain clauses,1
not able,1
not applied,1
economic hedge,1
other liabilitiesâ,1
excess collateralization,1
non-functional currency,1
non-functional,1
fixed-rate debt,1
insignificant amounts,1
variable rate,1
commercial purchase,1
pre-tax amount,1
insignificant gains,1
firm commitments,1
firm,1
not occur,1
originally specified,1
primarily reported,1
foreign operations,1
net investments,1
non-u.s. dollar,1
foreign operation,1
foreign entity,1
substantially liquidated,1
rate differential,1
differential,1
free-standing derivatives,1
free-standing,1
typically entered,1
other risks,1
typically recorded,1
such collateral,1
same agreements,1
derivative obligations,1
derivative liability,1
detailed information,1
nonearning data,1
key performance,1
section such,1
authoritative guidance,1
authoritative,1
related scope,1
related standards,1
due cll,1
overall quality,1
metric,1
related collateral,1
important source,1
commercial borrower,1
specific lending,1
applicable collateral,1
similar transactions,1
regular monitoring,1
regular basis,1
high credit,1
significant collateral,1
moderately,1
risk relative,1
commercial secured,1
c total,1
deep industry,1
deep,1
optimum approach,1
optimum,1
closely monitor,1
primarily composed,1
senior term,1
various asset,1
related business,1
not pay,1
necessarily classified,1
due debt,1
estate-debt portfolio,1
non-recourse nature,1
primarily influenced,1
real estate-debt,1
north american,1
north,1
european lending,1
various property,1
estate-debt financing,1
real estate-business,1
ultimate recoverability,1
necessarily depend,1
partial repayments,1
third-party refinancing,1
areas such,1
mainly representing,1
therefore subject,1
non-u.s. consumer,1
residential loans,1
unsecured financing,1
general use,1
related portfolio,1
% non-u.s.,1
primarily originated,1
internal credit,1
consistently translate,1
moderate credit,1
moderate,1
internal ratings,1
equivalent score,1
receivable accounts,1
equivalent scores,1
outstanding balance,1
retail card,1
incremental risk,1
manner consistent,1
commercial credit,1
collateral strength,1
diversified lending,1
ge-supported,1
third-party vies,1
off-balance sheet,1
off-balance,1
decision-making role,1
economic interest,1
circumstances relevant,1
future performance,1
decision-making rights,1
most important,1
potentially be,1
relevant factors,1
contractual rights,1
interests relative,1
other investors,1
contingent payments,1
economically significant,1
potential significance,1
main groups,1
former off-book,1
similar risks,1
same standard,1
blended performance,1
blended,1
first be,1
third-party debt,1
other expenses,1
previously created,1
commercial middle-market,1
light,1
other lines,1
initial application,1
consolidated credit,1
now consolidated,1
longer reported,1
contractually permitted,1
own cash,1
not fall,1
also owed,1
flows due,1
certain transactions,1
contractual credit,1
related expenses,1
variable fees,1
not give,1
unconsolidated vie,1
sole,1
full-service leasing,1
full-service,1
rental operations,1
significant exposures,1
tax-advantaged multi-family,1
tax-advantaged,1
factored receivables,1
unconsolidated entities,1
corporate entities,1
interest such,1
limited partner,1
mezzanine debt,1
mezzanine,1
œfinancing receivables,1
œfinancing,1
netâ,1
revolving lines,1
diverse group,1
future customer,1
multiple-year orders,1
other aircraft,1
secondary orders,1
secondary,1
related products,1
current-year provisions,1
current-year,1
other changes,1
certain customers,1
arrangements such,1
standby letters,1
standby,1
possibly,1
such credit,1
current ownership,1
proportionately based,1
proportionately,1
future changes,1
proportionate ownership,1
proportionate,1
other indemnification,1
standard representations,1
additional consideration,1
conditions related,1
potential payments,1
contingent consideration,1
not netted,1
supplemental cash,1
cash disposed,1
œpayments,1
immediately repaid,1
noncurrent accruals,1
noncurrent,1
non-cash transactions,1
repossessed assets,1
other purchases,1
activity related,1
such capital,1
other reclassifications,1
discrete tax,1
new entity,1
aeroderivative turbines,1
combined cycle,1
total asset,1
offshore,1
onshore oil,1
onshore,1
military aircraft,1
airframe manufacturers,1
airframe,1
electric locomotives,1
motorized wheels,1
motorized,1
off-highway vehicles,1
off-highway,1
new installations,1
light-emitting diodes,1
industrial computers,1
private-label brands,1
comprehensive range,1
external revenues,1
total industrial,1
commercial selling,1
customers located,1
primarily financing,1
gross profit,1
respective year,1
respective quarters,1
materially affected,1
reasonably likely,1
initial term,1
immediately preceding,1
next annual,1
statutory meeting,1
one-year terms,1
œelection,1
œboard,1
œcompensation discussion,1
outstanding equity,1
fiscal year-end,1
œpotential payments,1
œpotential,1
œinformation,1
œsecurities,1
œrelated person,1
œrelated,1
œindependent,1
financial statementsoperating,1
thereto,1
fifth,1
senior note,1
senior debt,1
note due,1
debentures dated,1
charitable gift,1
charitable,1
good,1
excess benefits,1
first restatement,1
agreement dated,1
amended,1
fixed charges,1
following materials,1
herewith,1
signatures pursuant,1
duly caused,1
thereunto,1
duly authorized,1
24th day,1
24th,1
principal financial,1
