fiscal,457
net,360
other,345
not,205
due,193
fair,172
financial,168
certain,149
net revenue,149
fair value,144
total,142
primarily,130
also,129
foreign,112
future,99
such,98
approximately,92
gross,89
related,88
significant,74
intangible,73
fiscal years,71
current,67
corporate,66
gross margin,62
global,61
commercial,60
effective,59
partially,59
common,58
long-term,58
intangible assets,58
new,57
subject,55
adversely,52
partially offset,52
common stock,50
generally,50
competitive,49
available,49
third,48
various,47
herein,46
additional,44
derivative,43
respectively,43
as,41
consolidated,40
prior,40
restricted,40
internal,39
deferred,39
well,38
further,38
foreign currency,38
outstanding,35
weighted-average,35
actual,33
restricted stock,33
net earnings,32
other net,32
principal,31
favorable,31
average,31
applicable,30
adversely affect,30
deferred tax,30
annual,29
ongoing,28
stock-based,28
fiscal year,27
third-party,27
environmental,27
similar,27
financial reporting,27
not be,26
financial condition,26
intellectual property,25
intellectual,25
specific,25
federal,25
previously,25
reasonable,25
short-term,25
global note,25
note due,25
large,24
forth,24
comprehensive,24
single,24
fourth,24
local,24
payable,24
third parties,23
critical,23
foreign exchange,23
internal control,23
key,22
however,22
many,22
contractual,22
long-term debt,22
fair values,22
stock-based compensation,22
historical,21
commercial paper,21
unrealized,21
economic,20
general,20
potential,20
more,20
first,20
receivable,20
administrative,19
different,19
senior,19
same,19
financial statements,19
eligible,19
therefore,18
able,18
materially,17
worldwide,17
overall,17
several,17
forward,17
pursuant,16
basic,16
successfully,16
appropriate,16
major,16
quarterly,16
adversely affected,16
doubtful,16
aggregate,15
post-retirement,15
personal,15
standard,15
financial results,15
particular,15
relative,15
former,15
excess,15
three-year performance,15
three-year,15
global notes,15
available-for-sale,15
private,14
fourth quarter,14
geographic,14
difficult,14
less,14
uncertain,14
observable,14
comprehensive income,14
new products,13
individual,13
broad,13
public,13
direct,13
substantially,13
currently,13
reasonably,13
most,13
single source,13
only,13
net cash,13
straight-line,13
doubtful accounts,13
% due,13
minimum,13
unrecognized,13
legal,12
otherwise,12
open,12
often,12
high,12
strong,12
particularly,12
recent,12
derivative instruments,12
gross margins,12
fixed,12
organizational,12
effective tax,12
net investment,12
separate,12
indefinite-lived,12
active,12
continued,12
favorable currency,12
past,11
retail,11
full,11
independent,11
not available,11
international,11
other factors,11
likely,11
adverse,11
second,11
then,11
acquisition-related,11
significant accounting,11
hypothetical,11
periodic,11
net operating,11
technological,10
unique,10
own,10
substantial,10
short,10
environmental laws,10
located,10
final,10
share-based,10
useful,10
cumulative,10
total assets,10
acquisition-related charges,10
injunctive,10
key employees,9
typically,9
multiple,9
effectively,9
additional information,9
adequate,9
unable,9
possible,9
contingent,9
operational,9
estimated,9
anticipated,9
future cash,9
performance-based,9
useful lives,9
real,9
thereafter,9
net assets,9
equal,9
straight-line basis,9
recipient,9
accounts receivable,9
other derivatives,9
not designated,9
other assets,9
available-for-sale securities,9
injunctive relief,9
related officers,9
principal executive,8
external,8
not have,8
primary,8
above,8
limited,8
dependent,8
seasonal,8
strategic,8
financial institutions,8
probable,8
even,8
accurately,8
post-retirement benefit,8
necessary,8
up,8
derivative contracts,8
intangible asset,8
inherent,8
subsequent,8
identical,8
bad debt,8
bad,8
unspecified,8
reasonable assurance,8
current assets,8
period applicable,8
expense related,8
preliminary,8
prior years,8
next,8
other things,8
commercial pcs,7
business critical,7
consistent,7
software-as-a-service,7
digital,7
value-added,7
complete,7
accordingly,7
european,7
early,7
successful,7
moreover,7
mainly,7
medical,7
historical experience,7
fiscal quarter,7
restricted units,7
other liabilities,7
further discussion,7
generally accepted,7
indefinitely,7
other debt,7
other investments,7
observable inputs,7
constant,7
previously reported,7
variable,7
financial instruments,7
fixed-rate,7
excess tax,7
subsequently,7
principal equity,7
non-vested,7
pre-tax,7
effective portion,7
three-month,7
fiduciary duties,7
fiduciary,7
last,6
quantitative,6
macroeconomic,6
financial performance,6
medium-sized,6
standard servers,6
traditional,6
regulatory,6
original,6
indirect,6
responsible,6
net property,6
political,6
competitive position,6
highly,6
financial position,6
timely,6
complex,6
costly,6
significantly,6
sufficient,6
seriously harm,6
seriously,6
current market,6
alternative,6
fully,6
negative,6
net income,6
statutory,6
internally,6
non-u.s.,6
indefinite,6
special,6
share-based payment,6
award recipient,6
exempt,6
discounted,6
active markets,6
net benefit,6
ordinary course,6
ordinary,6
functional,6
commercial hardware,6
unsecured,6
principally,6
marketable,6
long-term financing,6
comprehensive loss,6
cumulative translation,6
amortizable,6
financial officer,6
fair market,6
unrecognized pre-tax,6
collective,6
unconditional purchase,6
unconditional,6
german,6
false,6
corporate assets,6
incorrect,5
competitive pressures,5
small,5
multi-vendor,5
printing-related,5
potentially,5
personal computers,5
graphic,5
large format,5
combined,5
broad range,5
financial services,5
innovative,5
largely,5
certain components,5
open market,5
properly,5
domestic,5
future revenue,5
proprietary,5
economic conditions,5
seasonal trends,5
competitive advantages,5
other companies,5
ineffective,5
foreign laws,5
civil,5
criminal,5
liable,5
sometimes,5
certain jurisdictions,5
numerous,5
itanium-based,5
long-term investments,5
temporary,5
expensive,5
certain countries,5
contingent workers,5
other terms,5
natural,5
geographical,5
organizational structure,5
third party,5
collectively,5
duplicative,5
impaired,5
square feet,5
square,5
future share,5
associated,5
significant estimates,5
present,5
comparable,5
full description,5
foreign subsidiaries,5
routine,5
directly,5
continuous,5
constant currency,5
organizational realignments,5
first quarter,5
weighted,5
current year,5
unfavorable,5
normal,5
residual,5
financial statement,5
accounts payable,5
short-term debt,5
fixed interest,5
revolving trade,5
revolving,5
receivables-based facilities,5
receivables-based,5
expected,5
unrealized gain,5
unrealized loss,5
unrealized components,5
unrealized gains,5
minimum level,5
non-qualified,5
third year,5
yet,5
still,5
fixed income,5
thereafter total,5
unrecognized tax,5
prior service,5
nationwide,5
purported,5
unjustly enriched,5
unjustly,5
false statements,5
total consolidated,5
rapidly,4
qualitative,4
forward-looking statements,4
forward-looking,4
not limited,4
mobile,4
all-in-one,4
flexible,4
industrial,4
web-connected hardware,4
web-connected,4
retail publishing,4
hybrid,4
wide,4
unstructured data,4
unstructured,4
governmental,4
certain business,4
negatively,4
principal business,4
frequently,4
risks attendant,4
attendant,4
successfully execute,4
important,4
whole,4
large number,4
cloud-based,4
rapid,4
various federal,4
substantial costs,4
safe use,4
safe,4
other sanctions,4
following,4
other variables,4
future periods,4
itanium-based servers,4
historically,4
so,4
adequately,4
competitive pricing,4
non-cancelable,4
contractual terms,4
initially,4
other business,4
military,4
confidential,4
unauthorized,4
such costs,4
contractual obligations,4
total amount,4
british pound,4
british,4
foreign countries,4
certain current,4
advantageous,4
actual results,4
unanticipated,4
other items,4
materially different,4
alternatively,4
total costs,4
multi-year,4
national,4
in-process research,4
in-process,4
executive,4
indefinite lives,4
real estate,4
quarterly summary,4
publicly,4
thereto,4
net â,4
year-over-year,4
reasonably possible,4
customer-negotiated refund,4
customer-negotiated,4
standalone,4
undelivered,4
separate unit,4
fixed-price,4
deliverable,4
separately,4
relevant,4
tangible,4
inherently,4
unpredictable,4
present value,4
service-based,4
annual cash,4
more likely,4
foreign earnings,4
not provided,4
uncertain tax,4
related interest,4
specific customer,4
discounted cash,4
identical assets,4
similar assets,4
forwards,4
market-based,4
administrative expenses,4
strong performance,4
continued focus,4
most significant,4
capitalized,4
foreign tax,4
available borrowing,4
364-day senior,4
364-day,4
unsecured bridge,4
debt-equity ratio,4
debt-equity,4
approximate,4
actuarial,4
aggregate capacity,4
speculative purposes,4
speculative,4
adverse movement,4
libor-based,4
fixed-rate debt,4
beneficial,4
periodic basis,4
privately-held companies,4
privately-held,4
fairly,4
integral part,4
integral,4
deferred revenue,4
rental,4
undiscounted,4
long-lived,4
functional currency,4
individually,4
stock-based awards,4
contractual term,4
diluted,4
vesting period,4
vesting,4
intrinsic value,4
intrinsic,4
basic earnings,4
goodwill related,4
unobservable,4
total cash,4
amounts due,4
derivative instrument,4
other operating,4
current portion,4
no,4
net change,4
total level,4
alleged,4
nationwide class,4
exempt employees,4
collective action,4
own stock,4
certain fiscal,4
unallocated,4
notes due,4
dated,4
geopolitical,3
technological trends,3
other risks,3
not intend,3
global provider,3
individual consumers,3
medium-sized businesses,3
large enterprises,3
personal computing,3
other access,3
multi-vendor customer,3
printing-related products,3
predominately,3
networked,3
multi-media,3
other programs,3
longer-term,3
high-value,3
medium-sized business,3
private public,3
wide range,3
entry-level,3
mid-range,3
scale-up x86,3
scale-up,3
traditional software,3
structured,3
supplier-related obligations,3
supplier-related,3
physical,3
public sector,3
significant number,3
third-party suppliers,3
technical,3
future growth,3
together,3
meaningful,3
fourth calendar,3
less predictable,3
predictable,3
aggressive,3
extensive,3
especially,3
compatible,3
inadequate,3
regularly,3
hazardous substances,3
hazardous,3
criminal sanctions,3
personal injury,3
future requirements,3
take-back legislation,3
take-back,3
non-compliant,3
ultimately,3
environmental costs,3
adverse effect,3
other positions,3
other jurisdictions,3
reliable,3
future performance,3
potential customers,3
low,3
new product,3
more difficult,3
key suppliers,3
long,3
ongoing efforts,3
obsolete,3
local laws,3
alternative sources,3
predominantly,3
major earthquake,3
ultimate,3
late,3
sensitive,3
identifiable,3
other information,3
adversely impact,3
less profitable,3
profitable,3
too,3
several factors,3
former employees,3
good,3
various jurisdictions,3
taxable income,3
taxable,3
other tax,3
redundant,3
multi-year restructuring,3
third quarter,3
terrorist acts,3
terrorist,3
joint,3
ongoing business,3
other obligations,3
duplicative facilities,3
retroactively,3
duly,3
not include,3
financial data,3
operational effectiveness,3
multiple element,3
separate units,3
total revenue,3
additionally,3
third-party evidence,3
aforementioned,3
actively,3
average cost,3
current period,3
tangible assets,3
annually,3
recoverable,3
annual testing,3
indefinite-lived intangible,3
annual basis,3
consolidated balance,3
realizable,3
requisite service,3
requisite,3
actual number,3
undistributed,3
certain employment,3
attributable,3
entire,3
third-party credit,3
past due,3
one-time,3
aware,3
financial assets,3
information available,3
primarily comprised,3
certain cases,3
long-term return,3
periodic benefit,3
reasonably estimated,3
certain costs,3
balanced growth,3
balanced,3
favorably impacted,3
favorably,3
unfavorable currency,3
additional expenses,3
favorable tax,3
indefinitely reinvested,3
refresh cycle,3
refresh,3
flat,3
total financing,3
federal income,3
not expect,3
discretionary,3
total debt,3
unspecified amount,3
depositary shares,3
depositary,3
consolidated statements,3
average number,3
90-day,3
weighted-average interest,3
variable rate,3
enforceable,3
legally,3
non-recourse,3
partial recourse,3
partial,3
not use,3
currencies other,3
same period,3
marketable equity,3
consolidated results,3
internal controlâ,3
weighted-average shares,3
short-term borrowings,3
doubtful accountsâ,3
proportionate,3
prior year,3
not met,3
sales-type,3
ratably,3
long-lived assets,3
value due,3
geographical regions,3
specific reserve,3
respective,3
post-retirement plans,3
non-qualified stock,3
risk-free interest,3
risk-free,3
second year,3
first year,3
third years,3
outstanding target,3
vested,3
future issuance,3
weighted-average number,3
shares outstanding,3
diluted eps,3
unvested,3
certain debt,3
primarily related,3
associated cash,3
unobservable inputs,3
available-for-sale debt,3
total return,3
ineffective portion,3
assets other,3
total derivatives,3
before-tax effect,3
before-tax,3
payments receivable,3
non-cancelable operating,3
items unique,3
miscellaneous,3
longer,3
eligible compensation,3
actual return,3
net experience,3
limited partnerships,3
expected returns,3
rental income,3
not subject,3
subsequently filed,3
back,3
intermediate,3
appellate court,3
appellate,3
unallocated costs,3
corporate governance,3
par value,2
par,2
not required,2
such reports,2
electronically,2
non-accelerated filer,2
non-accelerated,2
unresolved staff,2
unresolved,2
common equity,2
qualitative disclosures,2
financial disclosure,2
consolidated subsidiaries,2
future operations,2
foregoing,2
related accessories,2
commercial uses,2
networked environments,2
retail pos,2
multi-media consumer,2
touch-enabled,2
all-in-one notebooks,2
high-resolution graphics,2
high-resolution,2
linux-based operating,2
linux-based,2
standardized methodologies,2
standardized,2
main business,2
main,2
comprehensive services,2
discrete,2
critical services,2
project-based,2
longer-term outsourcing,2
full life,2
industry-specific,2
broad array,2
financial process,2
administrative services,2
commercial printer,2
also focused,2
commercial markets,2
high-value pages,2
areas such,2
industrial applications,2
outdoor signage,2
outdoor,2
graphic arts,2
single function,2
all-in-one inkjet,2
multi-function devices,2
multi-function,2
third-party software,2
high-speed production,2
high-speed,2
graphic solutions,2
printing-related media,2
hybrid cloud,2
primarily entry-level,2
density-optimized rack,2
density-optimized,2
scalable,2
standard processors,2
high-end,2
wireless lan,2
wireless,2
augmented,2
professional services,2
professional,2
proactively,2
digital assets,2
regulatory policies,2
control internal,2
external security,2
global product,2
financial life,2
worldwide customers,2
financial asset,2
large global,2
educational,2
governmental entities,2
flexible alternatives,2
unique customer,2
consistent data,2
licensing specific,2
little,2
various levels,2
advisory,2
direct sales,2
regional,2
closely,2
vertical,2
outsourced,2
hp-designed products,2
hp-designed,2
basic product,2
immediately,2
readily,2
short life,2
industry-wide,2
solid,2
high technology,2
new markets,2
international nature,2
economic changes,2
committed,2
proprietary rights,2
slight,2
essential,2
not continue,2
meaningful indicator,2
european sales,2
early summer,2
adversely impacted,2
management difficult,2
aggressive competition,2
intensely competitive,2
intensely,2
white,2
companies such,2
increasingly,2
multi-vendor environments,2
skilled,2
highly competitive,2
remanufactured alternatives,2
remanufactured,2
compatible cartridges,2
recent years,2
focused,2
competitive advantage,2
electrical goods,2
electrical,2
financially responsible,2
financially,2
covered products,2
covered,2
sometimes referred,2
laws applicable,2
recently,2
financial information,2
private equity,2
available information,2
practicable,2
free,2
historical trends,2
certain areas,2
resources available,2
thereby reducing,2
thereby,2
effectively manage,2
several years,2
intense,2
high quality,2
proportionately,2
cloud-based solutions,2
not exist,2
successfully develop,2
quickly,2
accurately forecast,2
adequately address,2
unsatisfactory performance,2
unsatisfactory,2
sustained,2
other income,2
reasonable prices,2
more expensive,2
resource-intensive,2
strong demand,2
other problems,2
severely impacted,2
severely,2
short-term reduction,2
acceptable,2
timely manner,2
favorable pricing,2
future operating,2
other considerations,2
similar terms,2
unilateral modification,2
unilateral,2
catastrophic,2
significant losses,2
critical business,2
vulnerable,2
natural disasters,2
other operations,2
ultimate impact,2
confidential information,2
malicious software,2
malicious,2
proprietary information,2
confidential data,2
potential liability,2
disruptive,2
geographic markets,2
likely be,2
significant impact,2
certain segments,2
volatile,2
significant transactions,2
future stock,2
other countries,2
reasonable terms,2
consequently,2
recent periods,2
time-consuming,2
ongoing basis,2
similar fees,2
legislative bodies,2
legislative,2
such amounts,2
local labor,2
suppliers located,2
other suppliers,2
chinese yuan,2
chinese,2
japanese yen,2
japanese,2
european countries,2
notably,2
financial impact,2
improper payments,2
improper,2
indirect sales,2
distinct,2
financial conditions,2
insufficient,2
narrow,2
indirect distribution,2
challenging,2
unexpected costs,2
unexpected,2
unanticipated delays,2
unprofitable,2
specific provisions,2
criminal penalties,2
new contracts,2
independent rating,2
negative outlook,2
possible downgrade,2
additional collateral,2
further impact,2
similar manner,2
negative impact,2
certain estimates,2
critical accounting,2
legal proceedings,2
significant uncertainties,2
foreign jurisdictions,2
other matters,2
ultimately paid,2
previously included,2
disproportionate,2
uneven,2
quarterly results,2
shortly,2
operational efficiency,2
corporate infrastructure,2
key processes,2
other actions,2
unforeseen,2
share-based compensation,2
share-based incentive,2
future value,2
new hires,2
certain other,2
military operations,2
now,2
impossible,2
joint ventures,2
suitable,2
complete business,2
executive officers,2
certain assets,2
additional material,2
environmental protection,2
potential exposure,2
third-party property,2
alone,2
third quarters,2
fourth quarters,2
total number,2
indicative,2
share basic,2
materially affect,2
total charges,2
efficient,2
organic,2
net issuance,2
different assumptions,2
standard terms,2
multiple elements,2
standalone value,2
right relative,2
right,2
undelivered item,2
not change,2
fixed-price contracts,2
proportional performance,2
proportional,2
total contract,2
certain design,2
cost-to-cost method,2
cost-to-cost,2
reliable cost,2
future market,2
objective evidence,2
objective,2
rare instances,2
rare,2
relevant authority,2
largely similar,2
interchangeable competitor,2
interchangeable,2
standalone sales,2
similarly situated,2
similarly,2
internal factors,2
factors such,2
also given,2
conditions such,2
go-to-market,2
standard product,2
extensive product,2
actively monitoring,2
ongoing product,2
actual product,2
other post,2
annual warranty,2
net product,2
identifiable assets,2
inherently uncertain,2
two-step impairment,2
two-step,2
first step,2
reportable segments,2
reportable,2
comparable companies,2
not impaired,2
further testing,2
second step,2
implied,2
loss equal,2
also performed,2
annual impairment,2
future change,2
definite-lived intangible,2
definite-lived,2
significant decrease,2
indefinite-lived intangibles,2
potential indicator,2
open source,2
currently evaluating,2
other employee,2
aggregate grant,2
service-based awards,2
individual vesting,2
service-based stock,2
historical pattern,2
discernable activity,2
discernable,2
certain employee,2
hypothetical shares,2
total shareholder,2
historic volatility,2
historic,2
multivariate prices,2
multivariate,2
subsequent year,2
temporary differences,2
such earnings,2
long-term investment,2
federal taxes,2
taxes due,2
wholly exempt,2
wholly,2
corporate income,2
certain positions,2
international operations,2
balances due,2
quantitative measures,2
weighted-average risk,2
total portfolio,2
macroeconomic conditions,2
one-time events,2
individual accounts,2
further adjust,2
realizable value,2
impaired balances,2
primarily consisting,2
foreign government,2
indirectly,2
internally developed,2
underlying,2
non-speculative,2
active market,2
standard valuation,2
future amounts,2
major assumptions,2
near-term,2
weighted-average rates,2
long-term rate,2
various lawsuits,2
legal counsel,2
inherently unpredictable,2
year-over-year percentage,2
prior-year period,2
prior-year,2
historical results,2
better align,2
better,2
functional areas,2
net cost,2
favorable commodity,2
recent contract,2
lower-margin,2
continued efforts,2
competitive pressure,2
correspondingly,2
strong volume,2
margins due,2
favorable financing,2
prior acquisitions,2
other restructuring,2
net interest,2
statutory rate,2
overall tax,2
nondeductible goodwill,2
nondeductible,2
commercial client,2
handheld,2
favorable impact,2
short-term project,2
average unit,2
prices due,2
certain software,2
mainly due,2
mix due,2
service-led financing,2
service-led,2
internal management,2
consolidated company,2
net portfolio,2
gross financing,2
also due,2
corporate development,2
global alliances,2
current law,2
federal tax,2
outside,2
sales outstanding,2
purchases outstanding,2
unbilled,2
flat year,2
net proceeds,2
net increase,2
uncommitted lines,2
uncommitted,2
long term,2
legally binding,2
significant terms,2
minimum quantities,2
variable price,2
approximate timing,2
open purchase,2
minimum contribution,2
local government,2
off-balance,2
unconsolidated,2
contractually,2
certain trade,2
non-recourse facilities,2
normal course,2
risk inherent,2
foreign currencies,2
net receiver,2
risks inherent,2
dollar-denominated amounts,2
dollar-denominated,2
previously executed,2
variable interest,2
publicly traded,2
also included,2
reasonable basis,2
unqualified opinion,2
unqualified,2
external purposes,2
reasonable detail,2
as necessary,2
timely detection,2
unauthorized acquisition,2
inherent limitations,2
not prevent,2
current liabilities,2
non-controlling interests,2
non-controlling,2
total liabilities,2
wholly-owned,2
apart,2
relative selling,2
not contingent,2
undelivered elements,2
gross basis,2
perpetual,2
post-contract,2
particular contract,2
estimated cash,2
direct-financing leases,2
direct-financing,2
start-up,2
routine maintenance,2
historical exchange,2
local currency,2
short period,2
other-than-temporary,2
third-party distributors,2
receivable balances,2
single customer,2
generally diversified,2
different industries,2
certain circumstances,2
residual value,2
not exceed,2
internal use,2
straight-line method,2
technological feasibility,2
gross revenues,2
usually,2
not significant,2
new accounting,2
direct transaction,2
finite lives,2
finite,2
comparable market,2
advantageous market,2
orderly transaction,2
orderly,2
related accounting,2
eligible employees,2
relative performance,2
shares subject,2
equivalent rights,2
equivalent,2
applicable performance,2
performance-contingent stock,2
performance-contingent,2
cash-settled awards,2
cash-settled,2
yet been,2
weighted-average exercise,2
in-the-money,2
options outstanding,2
weighted-average vesting,2
price equal,2
future grant,2
dilutive effect,2
dilutive,2
average market,2
anti-dilutive,2
current liability,2
value-added taxes,2
post-employment,2
non-cash,2
legal matters,2
not been,2
deductible,2
unvested stock,2
also announced,2
ipr&d related,2
finite-lived,2
short-term portion,2
long-term portion,2
similar instruments,2
total balance,2
foreign bonds,2
corporate bonds,2
available-for-sale investments,2
public companies,2
continuous loss,2
total investments,2
net amounts,2
generally based,2
dollar libor-based,2
separate component,2
cumulative change,2
related hedged,2
hedged,2
forecasted,2
currently available,2
minimum lease,2
moderate,2
general reserve,2
certain leases,2
individually evaluated,2
collectively evaluated,2
non-accrual status,2
non-accrual,2
remote,2
immaterial,2
notes payable,2
average interest,2
adjustment related,2
also had,2
future maturities,2
internal restructuring,2
statutory income,2
foreign income,2
benefits attributable,2
net tax,2
gross income,2
undistributed earnings,2
adequate reserves,2
common share,2
merged,2
subsidized,2
longer eligible,2
actuarial loss,2
special termination,2
weighted-average assumptions,2
average increase,2
funded status,2
funded,2
net amount,2
non-current,2
three-level hierarchy,2
three-level,2
fair-value inputs,2
fair-value,2
corporate â,2
collective trusts,2
local governments,2
equivalents such,2
marketable securities,2
insured contracts,2
insured,2
unsettled transactions,2
unsettled,2
still held,2
general partner,2
net asset,2
active investment,2
future benefits,2
benefits payable,2
materially affected,2
certain copyright,2
german copyright,2
several questions,2
european copyright,2
rather,2
normal print,2
declaratory,2
allegedly,2
unspecified damages,2
several lawsuits,2
smart chip,2
smart,2
re,2
black,2
compensatory,2
punitive damages,2
punitive,2
final approval,2
unpaid,2
other damages,2
similar facts,2
pretrial purposes,2
pretrial,2
conditional,2
consolidated matter,2
spare parts,2
spare,2
also seeking,2
information related,2
non-appealable decision,2
non-appealable,2
formerly,2
environmental agencies,2
segment total,2
organizational reclassifications,2
improved visibility,2
improved,2
geographic areas,2
single country,2
country other,2
inter-segment,2
three-month periods,2
executive officer,2
related persons,2
herewith,2
rapidly review,1
exact name,1
exact,1
other jurisdiction,1
well-known,1
seasoned issuer,1
seasoned,1
reports pursuant,1
such filing,1
corporate web,1
such files,1
delinquent filers,1
delinquent,1
filers pursuant,1
not contained,1
definitive proxy,1
definitive,1
not check,1
aggregate market,1
last sale,1
stock outstanding,1
statement related,1
ever,1
statements other,1
historical fact,1
financial items,1
macroeconomic trends,1
geopolitical trends,1
post-retirement costs,1
otherwise described,1
also accounted,1
potentially affecting,1
commercial notebooks,1
commercial desktops,1
commercial clients,1
mobile products,1
products such,1
individual computing,1
global supply,1
additional hardware,1
efficiently enhance,1
efficiently,1
discrete engagements,1
pre-packaged offerings,1
pre-packaged,1
individual basis,1
flexible project-based,1
industry-focused technology,1
industry-focused,1
real-time analytics,1
real-time,1
open doors,1
new infrastructure,1
attractive,1
in-depth,1
industry-specific knowledge,1
industrial solution,1
integrated solution,1
integrated,1
broad portfolio,1
combined product,1
different customers,1
mission-critical,1
scalable blades,1
high-end mid-range,1
small business,1
new virtualization,1
open scalable,1
scalable secure,1
secure agile,1
secure,1
agile,1
consistent solutions,1
multi-media application,1
negatively impacted,1
commercial customer,1
various types,1
various customer,1
own physical,1
value-added products,1
direct relationships,1
independent distributors,1
original equipment,1
own hardware,1
independent software,1
often assist,1
advisory firms,1
unique products,1
regional market,1
indirect business,1
primary responsibility,1
specific products,1
direct distribution,1
commercial products,1
horizontal,1
vertical solutions,1
vertical sales,1
commercial reseller,1
significant volume,1
direct organization,1
direct online,1
consumer-related sales,1
consumer-related,1
retail locations,1
other consumer,1
outsourced manufacturers,1
multiple oms,1
third-party oems,1
limited number,1
primary methods,1
high volumes,1
particular hardware,1
substantial number,1
alternate sources,1
alternate,1
such sources,1
readily available,1
sole sources,1
sole,1
multiple locations,1
various software,1
industry-wide dislocations,1
disproportionately,1
solid acceptance,1
other participants,1
ordinarily acquire,1
ordinarily,1
significant price,1
multiple sources,1
scarce components,1
scarce,1
somewhat,1
not disrupt,1
also acquire,1
longer-term pricing,1
geographic diversity,1
worldwide basis,1
technical expertise,1
worldwide workforce,1
economic trends,1
geographic presence,1
solid base,1
substantial majority,1
customers other,1
foreign governments,1
foreign operations,1
qualitative disclosure,1
key element,1
unique contribution,1
various research,1
significant research,1
high-quality products,1
high-quality,1
general policy,1
improvements likely,1
worldwide patent,1
slight decrease,1
individual patents,1
competitive differentiation,1
single patent,1
also granted,1
future business,1
prospects due,1
large volume,1
overall business,1
weak,1
negatively affect,1
vigorous competition,1
vigorous,1
major corporations,1
long-established positions,1
long-established,1
rapidly growing,1
periodically enhance,1
periodically,1
potential partners,1
own brand,1
successful management,1
competitive partner,1
future success,1
general purpose,1
personal information,1
industrial scientific,1
scientific,1
competitive environments,1
primary competitors,1
particular regions,1
local companies,1
generically-branded,1
white box,1
broad product,1
extensive service,1
broad-based distribution,1
broad-based,1
commercial channels,1
significant pressure,1
strategic investments,1
firms such,1
offshore companies,1
offshore,1
india-based competitors,1
india-based,1
traditional hardware,1
increasingly offering,1
global services,1
significant brand,1
many companies,1
evident,1
deep technology,1
deep,1
strong track,1
global resources,1
independent suppliers,1
original inkjet,1
generally offering,1
typically offered,1
lowered prices,1
lowered,1
new customers,1
competitive environment,1
important opportunities,1
high-usage unit,1
high-usage,1
long-term high-value,1
digital transition,1
mobile content,1
cloud-based document-centric,1
document-centric,1
commercial solutions,1
technological innovation,1
broad solution,1
providers such,1
focused competitors,1
competitors such,1
global reach,1
further enhancements,1
rapidly changing,1
new delivery,1
mechanisms such,1
also confronting,1
traditional competitors,1
captive financing,1
captive,1
total solutions,1
competitive factors,1
third-party damage,1
certain substances,1
requirements applicable,1
increasingly subject,1
international treaties,1
similar initiatives,1
fundamental,1
related laws,1
environmental impact,1
comprehensive environmental,1
strict,1
environmental management,1
environmental programs,1
environmental remediation,1
reasonably estimate,1
presently,1
material capital,1
material,1
environmental control,1
other clients,1
external counsel,1
regulatory matters,1
human resources,1
human,1
interim,1
global technology,1
also served,1
part-time,1
strategic advisor,1
online marketplace,1
online,1
executive-level positions,1
executive-level,1
floral products,1
floral,1
quarterly reports,1
current reports,1
soon,1
reasonably practicable,1
nominating,1
same location,1
free copies,1
following factors,1
reliable indicator,1
varied competitors,1
varied,1
key market,1
not enable,1
successfully based,1
financial technical,1
more homogeneous,1
homogeneous,1
exclusive arrangements,1
exclusive,1
other areas,1
second quarter,1
not reversed,1
successfully implemented,1
complicated relationships,1
complicated,1
same time,1
personal computer,1
aggressive price,1
numerous companies,1
globally,1
related products,1
particularly intense,1
aggressively cut,1
aggressively,1
lower-cost jurisdictions,1
lower-cost,1
industry-wide pricing,1
proportionately decrease,1
timely basis,1
competitive price,1
sufficiently competitive,1
sufficiently,1
adverse reaction,1
particular product,1
other types,1
mobile computing,1
also developed,1
long-term strategy,1
changing/hybrid model,1
changing/hybrid,1
hardware-centric business,1
hardware-centric,1
complex costly,1
significantly harm,1
cloud-based computing,1
significant resources,1
accurately reflect,1
appropriate volumes,1
low costs,1
not succeed,1
not being,1
further harm,1
third-party contractors,1
extensively,1
appropriate solutions,1
regular testing,1
regular,1
faulty components,1
faulty,1
appropriate solution,1
temporary fix,1
additional warranty,1
other costs,1
adversely affecting,1
possible claims,1
macroeconomic challenges,1
sustained uncertainty,1
current global,1
accurate forecasts,1
accurate,1
certain businesses,1
items such,1
financial turmoil,1
financial markets,1
negatively impact,1
such parties,1
sufficient quantities,1
critical schedules,1
wide variety,1
long lead,1
other supplier,1
excess supply,1
occasionally,1
financial weaknesses,1
new suppliers,1
recent floods,1
heavily,1
therefore dependent,1
substantial portion,1
particular om,1
enough components,1
enough,1
acceptable quality,1
time-sensitive sales,1
time-sensitive,1
additional freight,1
further costs,1
non-cancelable commitments,1
strategically,1
future components,1
temporary oversupply,1
obsolete components,1
same oms,1
favorable allocations,1
limited supply,1
certain oms,1
large supplier,1
such workers,1
legal claims,1
similar claims,1
contingent workforce,1
additional constraints,1
single sources,1
sources due,1
sufficient supply,1
additional suppliers,1
other output,1
components necessary,1
sometimes purchase,1
short-term agreements,1
unilaterally modified,1
unilaterally,1
limited notice,1
worldwide operations,1
extreme weather,1
extreme,1
medical epidemics,1
other natural,1
manmade disasters,1
manmade,1
catastrophic events,1
predominantly self-insured,1
self-insured,1
substantial expenditures,1
fully resume,1
corporate headquarters,1
seismic activity,1
seismic,1
principal worldwide,1
southern,1
more vulnerable,1
geographical area,1
final assembly,1
critical operations,1
geographic locations,1
major logistics,1
southwestern,1
military actions,1
public health,1
political issues,1
significant suppliers,1
general infrastructure,1
geographical areas,1
unknown,1
natural disaster,1
catastrophic event,1
severe flooding,1
severe,1
widespread damage,1
widespread,1
local manufacturing,1
ongoing demand,1
internal operations,1
such disruption,1
otherwise exploit,1
sophisticated hardware,1
sophisticated,1
unexpectedly interfere,1
unexpectedly,1
other security,1
critical functions,1
routinely,1
large amounts,1
personally,1
identifiable information,1
accidental loss,1
accidental,1
inadvertent disclosure,1
inadvertent,1
unapproved dissemination,1
unapproved,1
potential loss,1
such information,1
other forms,1
otherwise harm,1
significant expenses,1
operational consequences,1
further data,1
new systems,1
such disruptions,1
other processes,1
historically varied,1
current results,1
overall demand,1
significant decline,1
given period,1
given,1
geographic mix,1
fixed cost,1
therefore experience,1
significant operating,1
relatively,1
profitable due,1
local pricing,1
infrastructure necessary,1
high growth,1
seasonal rebates,1
regulatory impacts,1
historically fluctuated,1
future prices,1
stock difficult,1
other technology,1
about,1
actual changes,1
strategic position,1
cost-cutting efforts,1
cost-cutting,1
planned products,1
planned,1
technological innovations,1
quarterly increases,1
specific market,1
international macroeconomic,1
geopolitical factors,1
factors unrelated,1
unrelated,1
not rely,1
sometimes instituted,1
secret laws,1
secret,1
similar laws,1
other parties,1
otherwise use,1
costly product,1
certain product,1
competitive harm,1
not protect,1
same extent,1
proprietary technology,1
third-party copying,1
rapid pace,1
technological change,1
much,1
key technologies,1
certain restrictions,1
costly arrangements,1
not license,1
similar technology,1
away,1
affected products,1
affected,1
costly settlement,1
costly damage,1
permanent injunction,1
permanent,1
unwilling,1
finally,1
certain periods,1
applicable laws,1
such groups,1
also sought,1
not imposed,1
ongoing litigation,1
other industry,1
possible action,1
applicable countries,1
international factors,1
ongoing instability,1
political conditions,1
anticipated military,1
political conflicts,1
•,1
financial instability,1
geographically dispersed,1
geographically,1
legal environment,1
direct investments,1
particular countries,1
favorable terms,1
abroad,1
tax-efficient manner,1
tax-efficient,1
other disruptions,1
geographic points,1
other currencies,1
sovereign debt,1
sovereign,1
related european,1
financial restructuring,1
such countries,1
stable exchange,1
stable,1
particularly difficult,1
uncertain demand,1
volatile exchange,1
not offset,1
regulations applicable,1
such violation,1
third-party resellers,1
successfully managing,1
indirect channel,1
potential customer,1
complex process,1
distinct risks,1
advantageous balance,1
other distribution,1
various sales,1
retail shelf,1
wholesale,1
retail distributors,1
financial resources,1
economic weakness,1
significant distributors,1
narrow product,1
negatively affected,1
considerable trade,1
considerable,1
not covered,1
retail channel,1
significant mix,1
too high,1
seasonal fluctuations,1
end-user demand,1
end-user,1
therefore make,1
obsolete inventory,1
future product,1
technological advances,1
frequent introduction,1
frequent,1
short product,1
continual improvement,1
continual,1
characteristics relative,1
new introductions,1
new offerings,1
effectively managing,1
anticipated demand,1
other defects,1
not make,1
effective transition,1
future offerings,1
especially challenging,1
just,1
own product,1
furthermore,1
current offerings,1
successful introduction,1
current products,1
new customer,1
operational efficiencies,1
competitive nature,1
future demand,1
not manage,1
other businesses,1
adverse affect,1
significant investment,1
early stages,1
new technologies,1
substantial performance,1
successful completion,1
satisfactorily,1
legal liability,1
benchmark study,1
benchmark,1
mutually acceptable,1
mutually,1
contractual price,1
similar services,1
not due,1
unique requirements,1
good faith,1
benchmarked services,1
benchmarked,1
specialized performance,1
specialized,1
provincial,1
governmental customers,1
various procurement,1
other requirements,1
various civil,1
future government,1
private individuals,1
negative publicity,1
publicity related,1
regardless,1
current credit,1
additional actual,1
anticipated changes,1
further review,1
other contingencies,1
unanticipated changes,1
new tax,1
additional tax,1
other taxes,1
ongoing tax,1
cross-jurisdictional transfer,1
cross-jurisdictional,1
additional taxes,1
regularly assess,1
likely outcomes,1
accurately predict,1
statutory tax,1
new information,1
quarterly sales,1
disproportionate percentage,1
total sales,1
such quarter,1
uneven sales,1
financial period,1
period difficult,1
unanticipated variations,1
excess inventory,1
few weeks,1
few,1
other developments,1
global logistics,1
third calendar,1
many customers,1
remaining capital,1
remaining,1
new budget,1
first calendar,1
following year,1
seasonal demand,1
such product,1
disciplined focus,1
disciplined,1
several initiatives,1
ongoing initiative,1
recent initiative,1
also implemented,1
anticipated cost,1
other benefits,1
many estimates,1
significant economic,1
economic competitive,1
other uncertainties,1
large portfolio,1
geographic regions,1
significant risks,1
potential delays,1
highly regulated,1
operational targets,1
targets due,1
unsuccessful,1
unforeseen events,1
managerial technical,1
managerial,1
externally,1
qualified executives,1
qualified,1
skilled solutions,1
experienced employees,1
experienced,1
competitive marketplace,1
competitive compensation,1
awards uncertain,1
not materialize,1
valuable benefit,1
valuable,1
total compensation,1
not viewed,1
successfully hire,1
geopolitical uncertainties,1
future attacks,1
international responses,1
national security,1
other actual,1
potential conflicts,1
now being,1
many economic,1
political uncertainties,1
multinational company,1
multinational,1
significant operations,1
such events,1
predominantly uninsured,1
uninsured,1
other financial,1
operational effects,1
complementary companies,1
complementary,1
non-core businesses,1
non-core,1
strategic alliances,1
suitable candidates,1
post-closing issues,1
post-closing,1
issues such,1
fully realize,1
anticipated benefits,1
due diligence,1
not identify,1
factors necessary,1
strategic objectives,1
competitive disadvantage,1
negative market,1
often complex,1
complex time-consuming,1
proper planning,1
proper,1
significantly disrupt,1
not experienced,1
not diminish,1
additional obligations,1
multiple legacy,1
various acquisitions,1
non-u.s. employees,1
correctly estimating,1
correctly,1
adequate standards,1
independent transactions,1
significant costs,1
early retirement,1
advisory fees,1
additional depreciation,1
potentially creating,1
also borrow,1
future acquisition,1
acquisition related,1
other borrowings,1
not close,1
future transactions,1
several basis,1
anti-takeover provisions,1
anti-takeover,1
undesirable,1
blank check,1
blank,1
other rights,1
rights superior,1
superior,1
duly called,1
special meeting,1
special meetings,1
outstanding shares,1
certain bylaws,1
hostile takeovers,1
hostile,1
willing,1
not applicable,1
non-hp interests,1
non-hp,1
good condition,1
largely completed,1
productive utilization,1
productive,1
global headquarters,1
geographic operations,1
major product,1
second quarters,1
recent sales,1
unregistered sales,1
unregistered,1
announced plans,1
announced,1
ongoing program,1
repurchase shares,1
repurchase,1
opportunistically,1
specific expiration,1
private transactions,1
additional repurchase,1
total stockholder,1
historical data,1
not indicative,1
necessarily indicative,1
necessarily,1
thereto included,1
related notes,1
elsewhere,1
currently focused,1
more solution-oriented,1
solution-oriented,1
strategic partner,1
strategic advantage,1
in-house outsourced,1
in-house,1
hybrid environment,1
cost-effective manner,1
cost-effective,1
favorable prices,1
also expanding,1
standard components,1
further leverage,1
adjacent markets,1
adjacent,1
also creating,1
new channels,1
focused investments,1
organic investments,1
ongoing initiatives,1
also adopted,1
associated restructuring,1
key fiscal,1
financial metrics,1
key items,1
primary factors,1
certain accounting,1
consolidated level,1
detailed discussion,1
detailed,1
contingent assets,1
other assumptions,1
readily apparent,1
apparent,1
other sources,1
senior management,1
highly uncertain,1
different estimates,1
materially impact,1
non-standard terms,1
non-standard,1
significant contract,1
sometimes required,1
appropriate accounting,1
revenue consistent,1
dependable estimates,1
dependable,1
costs applicable,1
various stages,1
volume-based incentives,1
volume-based,1
possibly resulting,1
possibly,1
incremental reduction,1
incremental,1
certain incentive,1
specific terms,1
actually redeem,1
actually,1
vendor-specific,1
go-to-market practices,1
go-to-market strategies,1
aforementioned factors,1
different allocation,1
post-sales support,1
post-sales,1
additional charge,1
specified period,1
specified,1
favorable trends,1
third-party appraisal,1
such valuations,1
critical estimates,1
commercially,1
viable products,1
viable,1
other estimates,1
fully discussed,1
other intangibles,1
judgmental,1
risk-adjusted discount,1
risk-adjusted,1
future economic,1
appropriate market,1
future results,1
certain judgments,1
shared assets,1
shared,1
annual goodwill,1
realizable values,1
other exit,1
actual amounts,1
materially impacted,1
subjective assumptions,1
subjective,1
actively traded,1
historical volatility,1
inherent uncertainties,1
actual forfeiture,1
significantly different,1
final positions,1
prudent,1
feasible tax,1
feasible,1
corresponding charge,1
corresponding,1
such determination,1
likewise,1
later,1
applicable portion,1
previously provided,1
certain undistributed,1
domestic operations,1
fully supported,1
fully sustained,1
potential assessments,1
related assets,1
different jurisdictions,1
such reserves,1
new regulations,1
new case,1
unavailable information,1
unavailable,1
different countries,1
individual audit,1
entire audits,1
not overstated,1
upward,1
downward,1
annual provision,1
50-basis-point deterioration,1
50-basis-point,1
weighted-average default,1
significant customers,1
technological changes,1
physical deterioration,1
underlying asset,1
various assumptions,1
current investment,1
actual experience,1
near-term outlook,1
historical portfolio,1
expectations related,1
economic environment,1
different sensitivity,1
same direction,1
future compensation,1
significant judgment,1
continuous statement,1
consecutive statements,1
consecutive,1
historically represented,1
as-reported basis,1
as-reported,1
following discussion,1
otherwise noted,1
comparative performance,1
comparative,1
year-over-year comparisons,1
webos-related actions,1
webos-related,1
specific line,1
related actions,1
corporate investments/other,1
certain reclassifications,1
favorable mix,1
strong revenue,1
innovation-focused,1
total r&d,1
net gains,1
net gain,1
total sg&a,1
3com restructuring,1
3com,1
related costs,1
normal operations,1
additional workforce,1
net expense,1
expenses due,1
average debt,1
value-added tax,1
certain earnings,1
lower-tax jurisdictions,1
lower-tax,1
full reconciliation,1
further explanation,1
distinct nature,1
various businesses,1
businesses such,1
total psg,1
commercial businesses,1
continued commercial,1
ongoing corporate,1
commercial pc,1
handheld business,1
average selling,1
favorable component,1
partially offsetting,1
revenue due,1
handheld volumes,1
slightly,1
slight decline,1
effective cost,1
product-related revenue,1
product-related,1
third-party hardware,1
current-year period,1
current-year,1
new business,1
certain industries,1
primarily due,1
eds-related acquisition,1
eds-related,1
double-digit,1
transactional laser,1
transactional,1
overall reductions,1
lower-priced products,1
lower-priced,1
average revenue,1
continued mix,1
continued improvement,1
total essn,1
favorable demand,1
also driven,1
private cloud,1
strong market,1
continued investments,1
entry-level arrays,1
high-end disk,1
organic business,1
good performance,1
residual expirations,1
higher,1
early buyout,1
end-of-lease rental,1
end-of-lease,1
related software,1
competitive return,1
effectively leveraging,1
asset-intensive,1
internal metrics,1
certain intercompany,1
total reserves,1
net equipment,1
capitalized profit,1
long-term portions,1
overall reserve,1
mobile devices,1
also impacted,1
numerous locations,1
generally utilized,1
non-u.s. liquidity,1
foreign balances,1
future years,1
local restrictions,1
efficient intercompany,1
ongoing cash,1
external borrowings,1
worldwide cash,1
potential taxes,1
overall liquidity,1
primary source,1
internally generated,1
generally sufficient,1
discretionary investments,1
near-term liquidity,1
broad access,1
various foreign,1
various risks,1
quantitative disclosures,1
anticipated cash,1
key cash,1
payable activities,1
key working,1
90-day average,1
receivable balance,1
payable balances,1
payable balance,1
working capital,1
working,1
effective management,1
raw materials,1
raw,1
unfavorable impact,1
aged accounts,1
aged,1
impact due,1
macro economic,1
economic slow,1
slow,1
strategic purchases,1
net repayment,1
global debt,1
overall cost,1
effective rate,1
following resources,1
long-term financings,1
additional liquidity,1
available borrowings,1
ongoing discussions,1
further downgrade,1
other securities,1
payments due,1
period total,1
principal cash,1
expected interest,1
outstanding interest,1
economic effect,1
factored,1
future interest,1
cancellable,1
routine arrangements,1
meaningful way,1
reasonable estimate,1
post-retirement plan,1
actuarial estimates,1
approved restructuring,1
approved,1
not participated,1
unconsolidated entities,1
financial partnerships,1
often referred,1
special purpose,1
off-balance sheet,1
contractually narrow,1
limited purposes,1
not involved,1
unconsolidated spes,1
actual gains,1
actual exposures,1
dollar relative,1
certain expense,1
inter-company lease,1
inter-company,1
related foreign,1
currency-denominated exposures,1
currency-denominated,1
such exposure,1
same currency,1
too expensive,1
rates relative,1
risk related,1
typically use,1
fixed-rate investments,1
libor-based interest,1
variable-rate investments,1
variable-rate,1
also enter,1
fixed-rate interest,1
entire yield,1
approximate maturities,1
also exposed,1
not attempt,1
derivative transactions,1
not purchase,1
adverse change,1
aggregate cost,1
therein,1
other procedures,1
independent registered,1
registered,1
public accounting,1
total operating,1
paid-in capital,1
paid-in,1
total stockholders,1
deferred taxes,1
payable net,1
earnings total,1
interests total,1
cumulative effect,1
wholly-owned subsidiaries,1
controlled,1
majority-owned subsidiaries,1
majority-owned,1
significant influence,1
not hold,1
controlling interest,1
controlling,1
proportionate share,1
significant intercompany,1
certain segment,1
persuasive evidence,1
persuasive,1
determinable,1
reasonably assured,1
value-added solution,1
economic substance,1
vendor specific,1
more-than-incidental software,1
more-than-incidental,1
non-software deliverables,1
non-software,1
aforementioned selling,1
then allocated,1
future delivery,1
customer-specified return,1
customer-specified,1
aforementioned criteria,1
combined unit,1
single unit,1
third-party vendor,1
primary obligor,1
own pricing,1
required taxes,1
required,1
relevant government,1
significant obligations,1
sales-type leases,1
post-sale obligations,1
post-sale,1
specific guidance,1
perpetual software,1
term-based software,1
term-based,1
residual method,1
post-contract support,1
other revenue,1
unspecified upgrades,1
when-and-if-available basis,1
when-and-if-available,1
such items,1
contractual period,1
perpetual licenses,1
above guidance,1
not sold,1
entire arrangement,1
fixed-price support,1
post-contract customer,1
fixed-price consulting,1
actual labor,1
regularly revised,1
generally recognized,1
future event,1
evenly,1
rental period,1
set-up costs,1
set-up,1
contractual services,1
original term,1
whole contract,1
undiscounted cash,1
contractual loss,1
estimable,1
invoiced,1
consistent rates,1
start-up services,1
stand-alone product,1
stand-alone,1
high availability,1
global networked,1
start-up activities,1
long-term services,1
unbilled costs,1
generally amortized,1
accelerated method,1
accelerated,1
more appropriate,1
first run,1
non-u.s. dollars,1
current exchange,1
monetary assets,1
monetary,1
nonmonetary assets,1
nonmonetary,1
average exchange,1
new reporting,1
original maturity,1
liquid investments,1
liquid,1
major banks,1
corporate debt,1
publicly-traded,1
generally considered,1
applicable taxes,1
specific identification,1
other-than-temporary decline,1
other-than-temporary impairment,1
potentially subject,1
significant concentrations,1
many different,1
periodic evaluations,1
relative credit,1
sustained material,1
such contracts,1
non-performance,1
significant portion,1
individually significant,1
aggregated accounts,1
aggregated,1
collectively represented,1
gross accounts,1
other accounts,1
ongoing credit,1
other customers,1
contractual payment,1
other concentration,1
suppliers due,1
additional changes,1
first-out basis,1
first-out,1
less accumulated,1
leasehold,1
initial term,1
initial,1
solely,1
certain internal,1
external costs,1
principally related,1
capitalized subsequent,1
straight-line amortization,1
total current,1
anticipated future,1
capitalized software,1
respective dates,1
standards effective,1
primary items,1
initially capitalized,1
indefinite life,1
useful life,1
acquisition-related expenses,1
assumed obligation,1
assumed,1
not amortized,1
economic lives,1
forwards used,1
financial instrument,1
other contributory,1
contributory,1
noncontributory retirement,1
noncontributory,1
actuarial gains,1
estimated service,1
actual tax,1
various equity,1
other executive,1
grant recipient,1
proportionate percentage,1
proportionate tsr,1
continuous basis,1
discounted exercise,1
not granted,1
discounted options,1
certain employees,1
non-vested stock,1
generally subject,1
such awards,1
same cash,1
currently issued,1
rights equal,1
not considered,1
diluted earnings,1
date applicable,1
non-vested prus,1
vested â,1
units due,1
vested shares,1
historical exercise,1
post-vesting termination,1
post-vesting,1
contractual life,1
millions outstanding,1
exercisable,1
total pre-tax,1
last trading,1
in-the-money options,1
total grant,1
average exercise,1
awards non-vested,1
thousands outstanding,1
weighted-average grant,1
thousands non-vested,1
certain income,1
non-compensatory plan,1
non-compensatory,1
semi-annually,1
weighted-average purchase,1
employees eligible,1
shares available,1
stock-related benefit,1
stock-related,1
new awards,1
future awards,1
authorized shares,1
authorized,1
outstanding stock,1
basic eps,1
earnings available,1
non-forfeitable right,1
non-forfeitable,1
also excluded,1
combined exercise,1
unamortized,1
similar transactions,1
taxes receivable,1
various governments,1
other receivables,1
millions other,1
post-employment liabilities,1
long-term liabilities,1
non-cash investing,1
various preliminary,1
preliminary work,1
third-party valuation,1
non-income-based taxes,1
non-income-based,1
residual goodwill,1
yet finalized,1
retrospectively,1
other periods,1
periods subsequent,1
also be,1
net tangible,1
not deductible,1
preliminary allocations,1
net liabilities,1
convertible bonds,1
convertible,1
in-the-money stock,1
weighted-average life,1
vested-in-the-money stock,1
vested-in-the-money,1
certain liabilities,1
also reclassified,1
related goodwill,1
first performed,1
several methods,1
comparable transactions,1
potential licensing,1
then performed,1
relevant reporting,1
outside basis,1
also recorded,1
translation related,1
tax deductible,1
certain acquisitions,1
effective date,1
total amortizable,1
developed technology,1
developed,1
amortizable periods,1
such assets,1
future impairment,1
future amortization,1
management-approved restructuring,1
management-approved,1
duplicative headcount,1
multi-year period,1
combined cost,1
additional restructuring,1
anticipated timing,1
further restructuring,1
commercial data,1
structurally change,1
structurally,1
severance-related costs,1
severance-related,1
overhead functions,1
overhead,1
pre-acquisition,1
actual costs,1
primarily associated,1
vast majority,1
vast,1
early termination,1
non-cash settlements,1
other adjustments,1
millions fiscal,1
total es,1
total hp/eds,1
independent sources,1
preferred basis,1
preferred,1
unadjusted,1
identical instruments,1
not active,1
model-based valuation,1
model-based,1
significant assumptions,1
observable market,1
full term,1
third-party valuations,1
original maturities,1
income related,1
primarily issued,1
short-term investments,1
institutional bonds,1
institutional,1
fixed-interest securities,1
fixed-interest,1
representative,1
actual values,1
not likely,1
insignificant impairment,1
insignificant,1
contractual maturities,1
millions due,1
available-for-sale equity,1
privately held,1
privately,1
marketable trading,1
related liabilities,1
net impact,1
global company,1
leveraged derivatives,1
leveraged,1
foreign operation,1
economic hedges,1
derivative programs,1
only entering,1
carefully selected,1
carefully,1
established policies,1
established,1
principal transactions,1
short-term cash,1
continually assessing,1
continually,1
further mitigation,1
same counterparty,1
further mitigate,1
contractually established,1
such funds,1
generally transferred,1
collateralized arrangements,1
collateralized,1
collateral amounts,1
collateral,1
fixed-rate instruments,1
offsetting loss,1
offsetting,1
revenue-related,1
not discontinue,1
not occur,1
net investments,1
forward rates,1
not included,1
primarily based,1
gross notional,1
notional,1
liabilities other,1
previous business,1
previous,1
estimated net,1
forecasted transactions,1
amounts approximate,1
short maturities,1
third-party products,1
usually collateralized,1
net financing,1
unearned income,1
unearned,1
scheduled maturities,1
scheduled,1
future rentals,1
homogenous nature,1
homogenous,1
aggregate basis,1
inherent credit,1
particular transaction,1
such variables,1
underlying value,1
essential use,1
other credit,1
internally assigned,1
millions low,1
low risk,1
moderate risk,1
generally be,1
high risk,1
specific reserves,1
other events,1
unlikely,1
regional basis,1
historical credit,1
overall weighted-average,1
competitive benchmarking,1
related financing,1
generally put,1
administrative nature,1
still accrue,1
generally recorded,1
still accruing,1
certain clients,1
standby letters,1
standby,1
related contract,1
certain service,1
specific circumstances,1
contractual arrangements,1
such arrangement,1
certain events,1
past performance,1
such indemnification,1
maximum loss,1
maximum,1
specific product,1
aggregate product,1
adjustments related,1
pre-existing warranties,1
pre-existing,1
banking-related activities,1
banking-related,1
not reflect,1
above table,1
unsecured debt,1
other registration,1
wholly-owned subsidiary,1
five-year credit,1
five-year,1
four-year credit,1
four-year,1
external credit,1
senior unsecured,1
committed borrowing,1
outstanding balance,1
new â,1
available declines,1
amount equal,1
certain equity,1
certain indebtedness,1
certain financing,1
receivable assets,1
additional debt,1
millions aggregate,1
debt outstanding,1
subsequent event,1
foreign components,1
non-u.s. taxes,1
significant components,1
unremitted earnings,1
unremitted,1
fixed assets,1
receivable allowance,1
millions current,1
respective totals,1
various tax,1
minimum tax,1
not expire,1
various states,1
total valuation,1
federal capital,1
post-acquisition integration,1
post-acquisition,1
prior period,1
other miscellaneous,1
discrete items,1
miscellaneous items,1
favorable settlements,1
net deficiencies,1
continuous discussion,1
complete resolution,1
certain federal,1
federal foreign,1
ongoing audits,1
earlier,1
subsequent years,1
additional adjustments,1
major foreign,1
adequate accruals,1
open tax,1
total tax,1
certain issues,1
foreign withholding,1
non-u.s. operations,1
liability related,1
not practicable,1
non-indefinitely,1
non-us subsidiaries,1
non-us,1
excess cash,1
private repurchase,1
foregoing shares,1
additional authorization,1
millions net,1
certain funding,1
merged plan,1
non-qualified plans,1
final pension,1
also merged,1
separate sub-plan,1
sub-plan,1
separate benefit,1
benefit payable,1
frozen,1
contribution deferred,1
new participants,1
subsidized retiree,1
medical benefits,1
other retiree,1
medical programs,1
medical option,1
medical plan,1
full cost,1
subsidized pre-2003,1
instead were,1
instead,1
certain credits,1
certain eligible,1
medical expenses,1
further limited,1
future eligibility,1
not meeting,1
future cost-sharing,1
future cost,1
further modified,1
such employees,1
federal government,1
several alternatives,1
federal subsidies,1
aside,1
not expected,1
company-paid retiree,1
company-paid,1
insurance effective,1
automatically enrolled,1
automatically,1
various funds,1
not offer,1
quarterly discretionary,1
performance-based match,1
subsequent quarters,1
quarterly employer,1
longer discretionary,1
such dividends,1
common shares,1
net pension,1
non-current assets,1
non-current liability,1
pretax,1
other comprehensive,1
fiscal close,1
annuities other,1
individual securities,1
asset-backed debt,1
asset-backed,1
active exchanges,1
alternative investments,1
investments such,1
private equities,1
judgment due,1
therefore classified,1
weighted-average target,1
actual asset,1
respective measurement,1
related investments,1
public debt,1
% total,1
worldwide plan,1
competitive rate,1
return relative,1
appropriate level,1
broad markets,1
periodic rebalancing,1
certain investment,1
risk/return profile,1
risk/return,1
appropriate relative,1
asset-liability studies,1
asset-liability,1
model various,1
potential asset,1
forecasted liabilities,1
private market,1
securities such,1
typically made,1
independent board,1
future obligations,1
local regulations,1
typically leading,1
otherwise be,1
final decisions,1
local trustees,1
major asset,1
current yield,1
additional returns,1
recent asset,1
commensurate,1
non-u.s. plans,1
expected country,1
real returns,1
empirical data,1
empirical,1
local country,1
long-term rates,1
real rates,1
specific allocation,1
future contributions,1
non-qualified plan,1
certain real,1
personal property,1
related depreciation,1
annual minimum,1
sublease,1
cancelable,1
environmental matters,1
adequate provisions,1
such matters,1
already recognized,1
already,1
particular case,1
specific matters,1
valid defenses,1
valid,1
nevertheless,1
particular period,1
unfavorable resolution,1
multifunction devices,1
multifunction,1
private copies,1
ongoing proceedings,1
yet have,1
digital devices,1
similar legislation,1
digital hardware,1
various industry,1
digital environment,1
alternative models,1
not determine,1
amount payable,1
not consider,1
not referring,1
therefore revoked,1
such levies,1
final decision,1
inconsistent,1
further action,1
cooperative society,1
cooperative,1
belgian copyright,1
belgian,1
extra-judicial means,1
extra-judicial,1
french-speaking chambers,1
french-speaking,1
declaratory judgment,1
levies payable,1
such mfds,1
digital products,1
various proceedings,1
ultimate resolution,1
alleged material,1
less powerful,1
powerful,1
unlawful conduct,1
unlawful,1
third time,1
further proceedings,1
currently scheduled,1
express,1
unjust enrichment,1
unjust,1
deceptive advertising,1
deceptive,1
unfair business,1
unfair,1
certain inkjet,1
prematurely,1
cartridge unusable,1
unusable,1
built-in expiration,1
built-in,1
not documented,1
also contended,1
false ink,1
full capacity,1
competitive products,1
consolidated lawsuit,1
unnecessarily use,1
unnecessarily,1
black ink,1
white images,1
injunctive class,1
california-only damages,1
california-only,1
declaratory relief,1
unspecified statutory,1
statutory compensatory,1
eligible class,1
also agreed,1
certain class,1
unauthorized users,1
physical damage,1
unpaid overtime,1
various employees,1
other state,1
allegedly involved,1
now pending,1
same court,1
conditional certification,1
various state,1
yet sought,1
subsequently transferred,1
purported class,1
originally filed,1
originally,1
temporarily stayed,1
temporarily,1
thereafter filed,1
substantive rulings,1
substantive,1
above matters,1
not paid,1
conditional class,1
sales private,1
certain customs,1
underpaid customs,1
underpaid,1
additional show,1
appropriate value,1
provisional bond,1
provisional,1
original design,1
unpaid customs,1
such software,1
certain sap,1
alleged duty,1
duty differential,1
differential,1
judicial process,1
judicial,1
german ppo,1
former subsidiary,1
russian,1
â ‚,1
â,1
also been,1
potential violations,1
civil penalties,1
equitable remedies,1
equitable,1
twice,1
pecuniary gain,1
pecuniary,1
other transactions,1
state-owned,1
private entities,1
postal service,1
postal,1
administrative proceedings,1
alleged improprieties,1
currently awaiting,1
not rule,1
similar relief,1
first instance,1
not decided,1
preliminary ruling,1
former members,1
certain compensation,1
individual defendants,1
consciously disregarding,1
consciously,1
putative securities,1
putative,1
otherwise involved,1
laws similar,1
also conducting,1
environmental investigations,1
several current,1
sites pursuant,1
administrative orders,1
future changes,1
project-based consulting,1
hybrid environments,1
pedestal-tower servers,1
pedestal-tower,1
itanium-based processor,1
several metrics,1
not allocate,1
certain operating,1
corporate level,1
primarily restructuring,1
associated adjustments,1
hp-granted employee,1
hp-granted,1
consolidated totals,1
total segment,1
consolidated earnings,1
primary segments,1
unallocated assets,1
consolidated assets,1
mostly due,1
mostly,1
other material,1
major customers,1
geographic information,1
geographic area,1
directly imposed,1
governmental authorities,1
total segments,1
also transferred,1
inter-segment reporting,1
single business,1
unaudited,1
thus,1
not equal,1
effective such,1
timely decisions,1
such term,1
rules 13a-15,1
13a-15,1
recently completed,1
reasonably likely,1
annual bonuses,1
one-time bonuses,1
periodic installments,1
installments subject,1
continued compliance,1
protective covenants,1
protective,1
pro-rata,1
unvested equity,1
applicable vesting,1
satisfied,1
pro-rated,1
annual bonus,1
medical coverage,1
eligible dependents,1
hereto,1
financial experts,1
also known,1
beneficial ownership,1
beneficial owners,1
non-stockholder,1
principal auditor,1
other schedules,1
inapplicable,1
previously filed,1
reasonable fee,1
duly caused,1
thereunto,1
duly authorized,1
such person,1
other documents,1
therewith,1
hereby ratifying,1
hereby,1
principal financial,1
by-laws effective,1
senior indenture,1
second amendment,1
performance-based cash,1
third amendment,1
fourth amendment,1
fifth amendment,1
fifth,1
current employees,1
compensatory plan,1
furnished herewith,1
furnished,1
supplementally,1
not filed,1
thereunder,1
consolidated basis,1
