other,371
financial,286
fiscal,274
not,271
common,193
common stock,181
consolidated,160
certain,150
fair,129
fair value,125
such,121
net,116
total,112
also,98
primarily,93
future,91
financial statements,88
related,78
respectively,76
new,74
outstanding,71
current,65
significant,63
foreign,63
due,60
intangible,60
intangible assets,57
financial institutions,56
subject,55
global,55
additional,49
adversely,48
effective,48
various,48
applicable,46
legal,44
long-term,44
overall,44
approximately,43
materially,42
generally,42
regulatory,42
adverse,42
covered litigation,39
covered,39
net income,39
economic,38
potential,37
federal,37
prior,36
consolidated balance,36
fiscal year,33
available,33
comprehensive,33
adversely affect,33
retrospective responsibility,33
retrospective,33
only,32
as,32
restricted,32
consolidated statements,31
annual,30
corporate,29
electronic,29
financial condition,29
attributable,29
pursuant,28
deferred,28
quarterly,28
comprehensive income,28
forward,27
competitive,26
final,26
future growth,26
internal,26
not be,25
actual,25
several,25
well,25
many,25
overall business,25
same,25
financial reporting,25
similar,24
contractual,24
average,24
foreign currency,24
deferred tax,23
internal control,23
prepaid,22
more,22
monetary,22
share-based,22
nominal,22
general,21
payable,21
indefinite-lived,21
second,20
adverse effect,20
legal matters,20
substantial,20
as-converted,20
finite-lived,20
most,19
therefore,19
cross-border,19
commercial,19
previously,19
non-controlling,19
sustainable income,19
sustainable,19
not presented,19
mobile,18
different,18
third-party,18
income attributable,18
non-controlling interest,18
public,17
historical,17
digital,17
domestic,17
further,17
reasonable,17
adjusted,17
primarily due,17
observable,17
herein,16
large,16
recent,16
injunctive,16
forth,16
weighted-average,16
foreign exchange,16
differential,16
financial institution,15
other things,15
consistent,15
less,15
uncertain,15
available-for-sale,15
useful,15
share-based compensation,15
otherwise,14
specific,14
primary,14
full,14
international,14
multiple,14
unable,14
however,14
third,14
reasonably,14
likely,14
financial results,14
restricted stock,14
pre-tax,14
nominal payments,14
injunctive relief,14
key,13
so,13
other assets,13
equal,13
derivative,13
aggregate,12
antitrust,12
effectively,12
active,12
visa-branded,12
omnibus agreement,12
omnibus,12
excess,12
as-converted basis,12
first,12
basic,12
gross,12
pre-tax gain,12
uncertain tax,12
total operating,12
partially,12
par value,11
par,11
currently,11
not limited,11
global payments,11
electronic payments,11
appropriate,11
directly,11
administrative,11
exclusive,11
operational,11
present,11
other revenues,11
perpetual,11
other postretirement,11
earn-out,11
preliminary,11
unrecognized,11
principal,10
recently,10
shares outstanding,10
value-added,10
secure,10
ongoing,10
net operating,10
increasingly,10
typically,10
worldwide,10
independent,10
own,10
local,10
even,10
adverse impact,10
significantly,10
separate,10
fully,10
performance-based,10
comparable,10
non-cash,10
other income,10
periodic,10
critical,10
current assets,10
integral part,10
integral,10
active markets,10
useful life,10
last,9
respective,9
whole,9
certain countries,9
government-sponsored,9
financial services,9
online,9
able,9
annually,9
prior year,9
sufficient,9
individual,9
subsequent,9
not have,9
fourth,9
current portion,9
other investments,9
partially offset,9
short-term,9
ultimate,9
non-current,9
earn-out provision,9
performance-based shares,9
qualitative,8
other forms,8
cross-border transactions,8
strategic,8
daily,8
limited,8
geographic,8
sole,8
substantially,8
direct,8
particularly,8
regulatory environment,8
basic earnings,8
long-term debt,8
outstanding debt,8
open market,8
open,8
diluted,8
whole numbers,8
professional,8
primarily reflecting,8
regulatory proceedings,8
price-to-earnings multiple,8
future cash,8
not expected,8
present value,8
thereafter,8
derivative instruments,8
unvested,8
unrecognized tax,8
actual results,7
technological,7
digital currency,7
non-visa,7
major,7
electronic payment,7
wholly-owned,7
high,7
additionally,7
tangible,7
regularly,7
elsewhere,7
other business,7
important,7
third parties,7
visa-branded cards,7
potentially,7
other defendants,7
civil,7
finally,7
combined,7
highly,7
minimum,7
possible,7
single,7
fourth quarter,7
diluted earnings,7
not rounded,7
professional fees,7
other benefits,7
government-sponsored debt,7
restricted cash,7
forward price-to-earnings,7
financial instruments,7
unobservable,7
generally accepted,7
probable,7
estimable,7
annual impairment,7
final approval,7
quantitative,6
fraudulent,6
other factors,6
necessary,6
paper-based,6
general purpose,6
later,6
revolving credit,6
revolving,6
historically,6
complete,6
real,6
wholly-owned subsidiary,6
financial position,6
located,6
joint,6
relevant,6
maximum,6
globally,6
principally,6
materially increase,6
completely,6
intellectual property,6
intellectual,6
adequate,6
effective tax,6
indirect,6
material,6
impaired,6
external,6
outstanding shares,6
square feet,6
square,6
first quarter,6
second quarter,6
sole discretion,6
average price,6
not been,6
non-operating,6
dilutive,6
up,6
incremental,6
net cash,6
rate equal,6
applicable margin,6
eligible,6
observable inputs,6
significant accounting,6
select,6
corresponding,6
exercisable,6
discounted,6
recent events,6
inherent,6
reasonable assurance,6
other liabilities,6
unrealized,6
straight-line basis,6
straight-line,6
net assets,6
functional currency,6
functional,6
final judgment,6
total purchase,6
actuarial,6
periodic benefit,6
share =,6
=,6
preliminary injunction,6
appellate,6
forward-looking,5
difficult,5
other incentives,5
particular,5
new rules,5
long-term growth,5
card-based,5
many countries,5
small,5
five-year,5
timely,5
recent years,5
international transactions,5
new regulations,5
retail,5
contractual arrangements,5
initial,5
regardless,5
negative,5
adversely affecting,5
entirely,5
reputational damage,5
reputational,5
antitrust laws,5
canadian,5
favorable,5
early,5
adversely affected,5
negatively,5
foreign currencies,5
enough,5
equivalent,5
low,5
total equity,5
economic conditions,5
non-operating income,5
next,5
internally developed,5
internally,5
following,5
related expenses,5
other litigation,5
foreign tax,5
commercial paper,5
perpetual put,5
ultimate purchase,5
not represent,5
unobservable inputs,5
expected,5
critical estimates,5
current liabilities,5
useful lives,5
reasonably estimable,5
not considered,5
non-u.s.,5
fixed,5
loss attributable,5
excess tax,5
european,5
original,5
mutual,5
similar assets,5
observable market,5
entire,5
same period,5
temporary differences,5
temporary,5
as-converted class,5
tangible assets,5
secured,5
actuarial loss,5
stock outstanding,5
qualitative disclosures,4
forward-looking statements,4
•,4
efficiently,4
illegal,4
successfully,4
instead,4
value-added services,4
new services,4
global processing,4
open-loop,4
not issue,4
interim fraud,4
interim,4
unaffiliated,4
away,4
prepaid cards,4
specified,4
broad,4
fundamental,4
unbanked,4
under-banked consumers,4
under-banked,4
privately held,4
privately,4
social,4
responsible,4
daily settlement,4
certain types,4
proprietary,4
consequently,4
clear,4
thereby,4
private-label,4
non-financial,4
total volume,4
currencies other,4
receivable,4
already,4
other clients,4
alleged,4
unspecified,4
accordingly,4
legal proceedings,4
successful,4
short,4
online payment,4
quickly,4
multi-currency transactions,4
multi-currency,4
newly,4
senior,4
final resolution,4
various factors,4
fiscal years,4
legally,4
total cost,4
future earnings,4
double digit,4
double,4
third quarter,4
ratio applicable,4
% total,4
nominal volume,4
cross-border payments,4
following table,4
previously announced,4
non-visa network,4
net basis,4
not appear,4
not recur,4
new contracts,4
periodic pension,4
primary fund,4
available-for-sale investments,4
indefinitely,4
applicable reserve,4
unsecured debt,4
unsecured,4
stable,4
funded status,4
funded,4
off-balance,4
select clients,4
dependent,4
subjective,4
identifiable,4
recoverable,4
initially,4
third-party market,4
multiple applicable,4
available information,4
qualitative factors,4
undiscounted,4
second step,4
additional goodwill,4
notional amount,4
notional,4
materially differ,4
inherent limitations,4
public market,4
other-than-temporary impairment,4
other-than-temporary,4
mutual fund,4
available-for-sale securities,4
non-current assets,4
more likely,4
non-marketable equity,4
non-marketable,4
expense related,4
taxable income,4
taxable,4
deductible,4
federal income,4
certain conditions,4
quarterly base,4
non-qualified,4
future amortization,4
prior service,4
collective investment,4
collective,4
weighted,4
related party,4
re,4
venezuelan,4
corporate governance,4
thereto,4
registered,3
not required,3
past,3
electronically,3
definitive proxy,3
definitive,3
established,3
private,3
political,3
rapid,3
outstanding stock,3
wide,3
efficient,3
innovative,3
mobile payments,3
continually,3
open-loop payments,3
related services,3
exempt,3
accurately,3
now,3
particular form,3
specific network,3
non-reward,3
personal,3
thus,3
preferred,3
not address,3
secular shift,3
secular,3
central,3
card-based payments,3
general-purpose,3
contactless,3
automatic,3
accessible,3
monetary value,3
centralized,3
value-added information,3
domestic transactions,3
joint ventures,3
other countries,3
small businesses,3
joint venture,3
unique,3
digital goods,3
online games,3
digital media,3
reliably,3
corporate reputation,3
regional,3
national,3
special,3
attractive,3
certain instances,3
potential loss,3
also subject,3
numerous,3
such regulations,3
regulatory focus,3
costly,3
significant reduction,3
system-wide fees,3
system-wide,3
ultimately,3
notably,3
unaffiliated networks,3
networks available,3
electronic debit,3
there,3
statutory,3
many jurisdictions,3
other jurisdictions,3
other matters,3
intense,3
global brands,3
third-party issuers,3
enterprise-wide disclosures,3
enterprise-wide,3
certain credit,3
such transactions,3
additional information,3
public offering,3
other networks,3
similarly,3
not succeed,3
moreover,3
adequately,3
final judgments,3
monetary liabilities,3
not use,3
certain circumstances,3
even cause,3
insolvent,3
visa-branded payment,3
specified provisions,3
liable,3
such claims,3
complex,3
substantial uncertainties,3
monetary damages,3
related parties,3
competitive disadvantage,3
early termination,3
significant portion,3
alternative,3
bilateral,3
rather,3
strong,3
economic environment,3
unprecedented,3
economic events,3
financial markets,3
financial performance,3
optional,3
negatively affect,3
cross-border travel,3
natural,3
constituent,3
technological changes,3
then,3
newly acquired,3
specifically,3
inadequate,3
relative,3
convertible,3
future dividends,3
not applicable,3
quarterly cash,3
anticipated,3
publicly,3
approximate,3
previously authorized,3
issuable,3
consolidated statement,3
weighted-average number,3
not reflect,3
indicative,3
future periods,3
global economy,3
secure reliable,3
reliable,3
globally accepted,3
gross proceeds,3
prior quarter,3
generally driven,3
various programs,3
primarily accounted,3
also benefited,3
international transaction,3
not expect,3
geographic mix,3
prior years,3
beneficial changes,3
beneficial,3
marketable,3
total cash,3
operational needs,3
primarily related,3
available-for-sale investment,3
primarily comprised,3
unissued,3
same terms,3
ratably,3
certain adjustments,3
12-month period,3
12-month,3
material adjustments,3
key inputs,3
actual purchase,3
potential obligation,3
perpetual nature,3
for-profit,3
economic environments,3
eligible compensation,3
medical benefits,3
medical,3
current basis,3
third party,3
off-balance sheet,3
contractual obligations,3
other customer,3
other instruments,3
unsettled,3
promotional,3
critical accounting,3
enforceable,3
cumulative,3
orderly transaction,3
orderly,3
never,3
30-day,3
long-term value,3
heavily,3
simply,3
intangible asset,3
reseller relationships,3
reseller,3
two-step,3
accrual related,3
either,3
not record,3
additional accrual,3
various tax,3
adverse changes,3
contracts outstanding,3
comprehensive loss,3
restricted share,3
quarterly amount,3
as-converted share,3
partially-owned,3
consolidated subsidiary,3
applicable taxes,3
taxes payable,3
non-current asset,3
identical,3
inputs other,3
earn-out related,3
corporate debt,3
significant influence,3
long-lived,3
related transactions,3
separately,3
foreign taxes,3
hedge,3
immaterial,3
irrevocable,3
other milestones,3
non-qualified stock,3
thereafter total,3
long-term liabilities,3
payments payable,3
monthly,3
secured notes-series,3
jointly,3
current year,3
above,3
asset-backed securities,3
asset-backed,3
fiduciary,3
absolute,3
historical volatility,3
contractual term,3
unrecognized compensation,3
cost related,3
federal benefit,3
also paid,3
unlawful,3
new claims,3
federal district,3
purported,3
declaratory,3
monetary portion,3
confidential,3
unacceptable,3
common law,3
voluntarily dismissed,3
voluntarily,3
amended,3
korean,3
unaudited,3
item pursuant,3
exact,2
well-known,2
such filing,2
corporate website,2
non-accelerated filer,2
non-accelerated,2
fiscal quarter,2
public trading,2
common equity,2
financial disclosures,2
winged v,2
winged,2
new laws,2
macroeconomic,2
cross-border activity,2
competitive pressure,2
technological developments,2
organizational,2
key employees,2
recent acquisitions,2
wide range,2
branded,2
innovative payment,2
multi-party,2
always,2
preferred form,2
economic recovery,2
powerful,2
paper-based payments,2
other types,2
limited-use cards,2
limited-use,2
other means,2
electronic benefits,2
cybersource-branded services,2
cybersource-branded,2
investigative,2
pre-funded,2
pin-always,2
primarily used,2
electronic authorization,2
also be,2
large companies,2
social networks,2
real-time,2
invalid,2
not processed,2
proprietary model,2
statistically derived,2
statistically,2
historical experience,2
standardized grading,2
standardized,2
third-party estimates,2
fraudulent activity,2
often,2
card-not-present,2
sensitive,2
regulatory scrutiny,2
new compliance,2
historically set,2
other geographies,2
network such,2
not receive,2
other payments,2
important determinant,2
competitive value,2
other payment,2
other merchant,2
other fees,2
certain payment,2
various practices,2
certain network,2
multiple debit,2
various jurisdictions,2
various forms,2
voluntary,2
new independent,2
federal consumer,2
new authority,2
future actions,2
less attractive,2
substantial resources,2
continually refine,2
periodically,2
other regulations,2
domestic payment,2
valuable trademarks,2
valuable,2
intense competition,2
concentrated,2
private-label cards,2
solely,2
overall transaction,2
traditional,2
previously submitted,2
financial information,2
settlement due,2
free,2
soon,2
typically paid,2
ours,2
central banks,2
closed-loop payments,2
closed-loop,2
direct connections,2
less desirable,2
desirable,2
adverse affect,2
also promulgated,2
visa-affiliated networks,2
visa-affiliated,2
many merchants,2
possibly renegotiate,2
possibly,2
domestic payments,2
legislative,2
federal banking,2
formal,2
related mechanisms,2
consolidated class,2
not cover,2
pre-trial proceedings,2
pre-trial,2
monetary liability,2
non-monetary,2
substantial damages,2
complex claims,2
unsuccessful,2
also have,2
financial conditions,2
attorneys general,2
significant judgment,2
other tax,2
significant liabilities,2
little,2
new market,2
up-front cash,2
up-front,2
adverse effects,2
certain clients,2
favorable terms,2
many cases,2
relatively,2
potential clients,2
continued,2
regulatory enforcement,2
significant impact,2
nearly exclusive,2
nearly,2
third-party vendors,2
competitive card,2
various services,2
key assets,2
visa-branded products,2
very,2
economic turmoil,2
mature,2
real estate,2
governmental,2
negatively affected,2
thereby reducing,2
adverse fluctuations,2
natural disasters,2
other changes,2
subsequent settlement,2
long,2
immediately,2
new technologies,2
global perception,2
certain changes,2
positive,2
exclusive license,2
financial obligation,2
third-party financing,2
current operations,2
challenging,2
competitive economic,2
rapidly,2
key management,2
highly qualified,2
institutional,2
strategic investments,2
furthermore,2
such shares,2
transferable,2
once,2
limited exceptions,2
sufficient earnings,2
future payment,2
high low,2
total number,2
stock issuable,2
outstanding options,2
stock-based,2
financial data,2
indirect subsidiaries,2
total assets,2
related notes,2
commercial payments,2
global commerce,2
modest,2
high single,2
negative impacts,2
current business,2
committed,2
effectively repurchased,2
effectively executed,2
previously established,2
not subject,2
reported,2
long-term price-to-earnings,2
mobile network,2
global strategy,2
next generation,2
dilutive impact,2
services available,2
regulatory approval,2
net line,2
not sum,2
billable transactions,2
billable,2
not earn,2
primarily assessed,2
other maintenance,2
virtual goods,2
virtual,2
optional service,2
extended cardholder,2
extended,2
also included,2
extent appropriate,2
bilateral services,2
related revenues,2
competitive pricing,2
full year,2
revenue attributable,2
pass-through,2
second half,2
direct billing,2
third-party service,2
large issuer,2
combined impacts,2
annual census,2
new product,2
legal fees,2
fully depreciated,2
effective settlement,2
certain deductions,2
non-cash adjustments,2
fair market,2
effective income,2
global income,2
nontaxable revaluations,2
nontaxable,2
tax related,2
certain state,2
adequate liquidity,2
high-quality,2
operational payments,2
broadly,2
non-cash items,2
ongoing investments,2
common shares,2
undistributed earnings,2
undistributed,2
liquid,2
current market,2
adversely impact,2
certain holders,2
five-year facility,2
prime rate,2
prime,2
applicable cost,2
applicable swing,2
also agreed,2
aggregate commitment,2
unused,2
customary,2
generally extended,2
comparable credit,2
not rely,2
certain litigation,2
future liquidity,2
unissued shares,2
as defined,2
illustrative purposes,2
illustrative,2
for-profit model,2
large range,2
nonqualified,2
other formula,2
current period,2
future period,2
related tax,2
not met,2
ordinary course,2
ordinary,2
otherwise relating,2
applicable agreement,2
contractual commitments,2
variable,2
certain premises,2
specific performance,2
future reduction,2
most subjective,2
identifiable benefit,2
certain incentive,2
certain criteria,2
economic benefits,2
enforceable recoverability,2
systematically,2
rationally based,2
rationally,2
regularly reviewed,2
contractual recoverability,2
economic benefit,2
not consistent,2
materially different,2
initially recorded,2
such payments,2
fact non-transferable,2
non-transferable,2
put agreement,2
put,2
normal business,2
normal,2
never exercise,2
significant estimates,2
shareholders pursuant,2
potential future,2
factors applicable,2
median,2
fundamental change,2
public companies,2
financial market,2
comparable companies,2
annual growth,2
subsequently,2
indefinite,2
aggregate basis,2
first step,2
not performed,2
annual assessment,2
reasonably estimated,2
outside,2
legal counsel,2
potential liability,2
liability related,2
actual outcomes,2
such positions,2
ongoing basis,2
speculative,2
net exposure,2
fully consistent,2
hypothetical,2
fixed-rate,2
adjustable-rate,2
fixed rate,2
quarterly basis,2
three-year period,2
three-year,2
financial statement,2
fairly,2
unauthorized,2
not prevent,2
total liabilities,2
weighted-average shares,2
unrealized loss,2
special ipo,2
cost-method investees,2
cost-method,2
effective fiscal,2
future events,2
contingent,2
original maturities,2
together,2
undiscounted amount,2
financial assets,2
exchange-traded equity,2
exchange-traded,2
therefore classified,2
gross basis,2
marketable equity,2
unrealized gains,2
available-for-sale debt,2
investments related,2
various employee,2
other entities,2
flow-through entities,2
flow-through,2
historical cost,2
amounts due,2
not recorded,2
long-lived assets,2
not amortized,2
independent registered,2
public accounting,2
determinable,2
certain states,2
foreign operations,2
canadian dollar,2
additional disclosures,2
initially estimated,2
no,2
remote,2
perpetual licenses,2
domestic product,2
same effect,2
other agreements,2
certain interchange,2
substantive change,2
substantive,2
related inputs,2
future revenue,2
administrative expense,2
separate roll-forward,2
non-financial assets,2
non-recurring basis,2
non-recurring,2
fair values,2
in-the-money stock,2
in-the-money,2
non-vested,2
prepaid expenses,2
net property,2
total estimated,2
estimated,2
% senior,2
secured notes,2
make-whole,2
entire balance,2
corporate purposes,2
amount equal,2
former,2
actual return,2
total net,2
primarily based,2
various asset,2
fixed income,2
federal agencies,2
generally classified,2
available collateral,2
total settlement,2
formally,2
highly effective,2
absolute assurance,2
effective price,2
equivalent shares,2
similar person,2
such transfer,2
applicable conversion,2
follow-on,2
thereof,2
income available,2
potential class,2
dilutive shares,2
immediate,2
generally comparable,2
last trading,2
intrinsic value,2
intrinsic,2
average period,2
one-for-one basis,2
one-for-one,2
vesting period,2
vesting,2
weighted-average grant-date,2
other companies,2
not include,2
total voting,2
total income,2
deferred taxes,2
future years,2
statutory rate,2
non-u.s. tax,2
reasonably possible,2
collectively,2
other parties,2
uncommitted balance,2
uncommitted,2
further discovery,2
indirect purchaser,2
unfair,2
visa-related claims,2
visa-related,2
mastercard-related claims,2
mastercard-related,2
individual plaintiffs,2
post-ipo,2
partial,2
confidential settlement,2
unacceptable changes,2
other claims,2
also filed,2
preliminarily approving,2
preliminarily,2
european competition,2
fifth,2
municipal court,2
municipal,2
appellate courts,2
extraordinary appeal,2
extraordinary,2
appellate court,2
venezuelan competition,2
public consultation,2
canadian competition,2
civil conspiracy,2
economic interests,2
unjust enrichment,2
unjust,2
improperly,2
fiduciary duty,2
confirmatory discovery,2
confirmatory,2
potential amount,2
allegedly,2
non-bank,2
quarter ended,2
ended,2
human error,2
human,2
reasonable resource,2
certain information,2
duly,2
þ,1
exact name,1
other jurisdiction,1
principal executive,1
registered class,1
seasoned issuer,1
seasoned,1
reports pursuant,1
such reports,1
such files,1
delinquent filers,1
delinquent,1
filers pursuant,1
not contained,1
not check,1
aggregate market,1
last business,1
recently completed,1
7a quantitative,1
3-d secure,1
3-d,1
other trademarks,1
respective owners,1
annual report,1
similar references,1
historical fact,1
future performance,1
debit payment,1
debit,1
• increased,1
other product,1
• rules,1
future litigation,1
macroeconomic factors,1
global economic,1
economic political,1
illegal activities,1
organizational effectiveness,1
effectively launch,1
new products,1
not place,1
undue reliance,1
undue,1
such statements,1
not intend,1
forward-looking statement,1
new information,1
future developments,1
widely-accepted payment,1
widely-accepted,1
branded payments,1
common set,1
secure functioning,1
long-term success,1
more convenient,1
convenient,1
multi-party system,1
several modifications,1
new debit,1
distinct interchange,1
distinct,1
exempt issuers,1
regulated interchange,1
regulated,1
interregional schedules,1
interregional,1
correctly identify,1
correctly,1
exempt products,1
accurately register,1
non-exempt portfolios,1
non-exempt,1
extent necessary,1
unaffiliated payment,1
visa-owned debit,1
visa-owned,1
non-visa debit,1
overall merchant,1
several states,1
antitrust investigations,1
personal identification,1
not pick,1
successfully renewing,1
major client,1
ongoing growth,1
double-digit growth,1
double-digit,1
primary revenue,1
cross-border volume,1
visa-processed transactions,1
visa-processed,1
year-over-year,1
central role,1
significant benefits,1
increasingly attracted,1
personal checks,1
paper-based means,1
private label,1
mobile phones,1
handheld devices,1
handheld,1
applications such,1
mobile billing,1
contactless readers,1
typically tied,1
similar access,1
most common,1
card-based forms,1
widespread merchant,1
widespread,1
typically categorized,1
automatic debit,1
other account,1
accessible funds,1
full balance,1
specified period,1
historically associated,1
other major,1
international markets,1
commercial payment,1
safe efficient,1
safe,1
efficient consistent,1
interoperable service,1
interoperable,1
global telecommunications,1
intelligent access,1
intelligent,1
world complete,1
centralized architecture,1
real time,1
multiple data,1
internationally,1
secure data,1
high availability,1
related data,1
value-added processing,1
final transaction,1
certain fees,1
appropriate settlement,1
typical,1
additional functions,1
generally perform,1
contractual agreement,1
different countries,1
government-controlled payments,1
government-controlled,1
independent companies,1
versa,1
own processing,1
risk-management services,1
risk-management,1
preventive,1
predictive tools,1
predictive,1
comprehensive issuer,1
terminal driving,1
terminal,1
prepaid issuer,1
automated,1
web-based service,1
web-based,1
back-office analysts,1
back-office,1
paper-based processes,1
information-based business,1
information-based,1
large-sized enterprise,1
large-sized,1
annual online,1
broad range,1
competitive payment,1
principal payment,1
prepaid payments,1
deferred payment,1
premium consumer,1
premium,1
pre-funded accounts,1
primary consumer,1
local marketplace,1
specific merchant,1
valid,1
secure transaction,1
small purchase,1
single-message platform,1
single-message,1
pin-always point,1
non-visa-branded debit,1
non-visa-branded,1
higher-risk client,1
higher-risk,1
less prevalent,1
prevalent,1
prepaid product,1
pre-funded account,1
prepaid platform,1
purpose reloadable,1
reloadable,1
corporate incentive,1
global cash,1
branded cards,1
international cash,1
domestic cash,1
commercial product,1
administrative costs,1
detailed transaction,1
detailed,1
non-card,1
easily procure,1
easily,1
paper-intensive purchase,1
paper-intensive,1
commercial clients,1
unique information,1
commercial products,1
government-sponsored programs,1
typically targeting,1
fundamental approach,1
current product,1
new merchant,1
more secure,1
secure accessible,1
versatile payment,1
versatile,1
new payment,1
recently made,1
significant investments,1
mobile payment,1
contactless chip,1
full range,1
commercial agreement,1
mobile banking,1
digital wallet,1
secure way,1
mobile nfc,1
mobile wallets,1
• real,1
real-time location-based,1
location-based,1
relevant merchant,1
significant resources,1
regulatory banking,1
securely,1
analytical approach,1
analytical,1
public relations,1
social media,1
active preference,1
guaranteed payment,1
guaranteed,1
own brands,1
global marketing,1
exclusive payment,1
exclusive access,1
powerful opportunity,1
maximum exposure,1
global reach,1
local relevance,1
other regional,1
regional national,1
local companies,1
specific merchants,1
new acceptance,1
special offers,1
various fronts,1
corporate responsibility,1
positively,1
local communities,1
financial literacy,1
humanitarian aid,1
humanitarian,1
responsible business,1
economic empowerment,1
tangible benefits,1
fast-growing segments,1
fast-growing,1
technological innovations,1
potential modifications,1
global program,1
face-to-face merchants,1
face-to-face,1
certain merchants,1
monetary incentives,1
certain cases,1
non-equity membership,1
non-equity,1
such matters,1
financial failures,1
specific transactions,1
formalized set,1
formalized,1
significant settlement,1
other guarantees,1
unwilling,1
such collateral,1
also apply,1
other risk,1
high-risk merchants,1
high-risk,1
illegal uses,1
often committed,1
card-not-present transactions,1
not associated,1
third-party data,1
global internet,1
personal code,1
real-time risk,1
embedded microprocessors,1
embedded,1
also carry,1
other applications,1
proven decision,1
proven,1
card-not-present orders,1
sensitive card,1
necessary steps,1
triple data,1
triple,1
significant progress,1
key aspects,1
numerous regulations,1
regulations applicable,1
indirectly,1
significantly modified,1
only jurisdiction,1
important driver,1
efficient operation,1
strategic demands,1
proper management,1
proper,1
overall growth,1
directly pay,1
other services,1
other acquirers,1
not establish,1
certain restrictions,1
historically implemented,1
several jurisdictions,1
no-surcharge rules,1
no-surcharge,1
foreign regulations,1
operational requirements,1
other requirements,1
requirements applicable,1
terrorist activities,1
terrorist,1
financial dealings,1
government-imposed market,1
government-imposed,1
domestic use,1
statutory authority,1
certain aspects,1
regulatory initiatives,1
additional compliance,1
similar legislation,1
otherwise oversee,1
various categories,1
thereby increasing,1
regulatory agencies,1
wide variety,1
new requirements,1
new types,1
programs such,1
secret laws,1
secret,1
contractual provisions,1
proprietary technology,1
essential,1
numerous other,1
various brands,1
global payment,1
paper-based forms,1
prepaid private-label,1
automatic clearing,1
electronic data,1
global card,1
general-purpose card,1
more concentrated,1
geographic regions,1
sole domestic,1
inter-bank bankcard,1
inter-bank,1
domestic bankcard,1
local regulation,1
generally be,1
retail store,1
various regional,1
country-specific debit,1
country-specific,1
primary cash,1
online debit,1
local debit,1
primary brands,1
small portion,1
non-financial institution,1
more traditional,1
bank-centric,1
competitive networks,1
primarily been,1
mobile technologies,1
yet,1
global ecommerce,1
general-purpose payment,1
total transactions,1
proprietary cards,1
aggregate dollar,1
relevant period,1
commercial credit,1
most consistent,1
capital sufficient,1
uninterrupted,1
daily net,1
receivable balances,1
daily balance,1
not experience,1
pronounced seasonality,1
pronounced,1
individual quarter,1
good,1
corporate entities,1
geographic region,1
corporate internet,1
available free,1
annual reports,1
quarterly reports,1
current reports,1
reasonably practicable,1
practicable,1
electronically filed,1
not incorporated,1
other report,1
regulatory risks,1
open-loop system,1
substantially affect,1
overall payment,1
certain jurisdictions,1
related practices,1
already resulted,1
regulatory authorities,1
not set,1
optimal levels,1
optimal,1
system unattractive,1
unattractive,1
materially lower,1
slow growth,1
slow,1
consumers-and,1
alternate payment,1
alternate,1
foregoing,1
consistent experience,1
certain practices,1
certain issuers,1
future regulations,1
likely create,1
negative pressure,1
likely arise,1
various channels,1
vague,1
different strategies,1
strategies subject,1
less effective,1
legal action,1
other products,1
regulatory approaches,1
notable,1
such development,1
eventually spread,1
eventually,1
new law,1
conversely,1
widely varying,1
widely,1
important aspects,1
also take,1
increasingly tightened,1
domestic network,1
regulatory requirements,1
also decrease,1
global reputation,1
similar requirements,1
similar laws,1
anti-money laundering,1
anti-money,1
similarly restricted,1
parties subject,1
ofac-administered sanctions,1
ofac-administered,1
potentially subjecting,1
formal oversight,1
systemically,1
important payment,1
such oversight,1
additional regulations,1
new settlement,1
operational rules,1
operational risks,1
also include,1
new criteria,1
less attracted,1
conservative accounting,1
conservative,1
more costly,1
complete internet,1
adequately insulate,1
net proceeds,1
subsequent offerings,1
such offerings,1
loss-sharing agreement,1
loss-sharing,1
judgment-sharing agreement,1
judgment-sharing,1
unique complicated,1
complicated,1
tiered,1
individual complaints,1
antitrust allegations,1
multidistrict litigation,1
multidistrict,1
alleged overcharges,1
other relief,1
actual damages,1
monetary judgment,1
such settlements,1
otherwise included,1
non-monetary settlement,1
adequate funding,1
monetary obligations,1
not insulate,1
adverse consequences,1
certain other,1
future lawsuits,1
many other,1
civil actions,1
competition/antitrust law,1
competition/antitrust,1
unspecified damages,1
not ascertain,1
not established,1
private plaintiffs,1
large class,1
canadian merchant,1
material current,1
certain limitations,1
not preclude,1
future investigation,1
other topics,1
other limitations,1
laws applicable,1
worldwide provision,1
many factors,1
additional examinations,1
certain material,1
thereby increase,1
recent proposals,1
international tax,1
also increase,1
substantial increase,1
intense pressure,1
performance-based incentives,1
other support,1
several years,1
incentives such,1
economic pressures,1
certain products,1
less profitable,1
profitable,1
unprofitable,1
indirect risks,1
financial impact,1
fee-based services,1
fee-based,1
long-term contracts,1
large contributors,1
such agreements,1
areas other,1
intensely competitive,1
intensely,1
electronic transactions,1
automatic clearinghouse,1
other resources,1
more effective,1
favorable pricing,1
also introduce,1
innovative programs,1
different business,1
different cost,1
selectively,1
different market,1
domestic networks,1
ultimately prove,1
more adaptable,1
adaptable,1
new regulatory,1
regulatory technological,1
other developments,1
otherwise hinder,1
secure transactions,1
non-traditional competitors,1
non-traditional,1
directly compete,1
competitive services,1
long-term commitments,1
not exclusive,1
sometimes,1
short notice,1
cases subject,1
competitive landscape,1
existing business,1
existing,1
alternative types,1
direct debit,1
such developments,1
private-label card,1
alternative payments,1
competitive advantages,1
similar lines,1
similar business,1
commercial models,1
not attracted,1
same level,1
multi-party payments,1
systems such,1
bilateral agreements,1
additional consolidation,1
recently undergone,1
ongoing consolidation,1
strong relationship,1
substantial loss,1
such transaction,1
also reduce,1
overall number,1
volume-based discounts,1
volume-based,1
combined volumes,1
merged businesses,1
merged,1
such consolidation,1
near-term investments,1
near-term,1
other actions,1
continued focus,1
retail industry,1
new legislation,1
other incentive,1
large merchants,1
regulatory pressures,1
longstanding exclusive,1
longstanding,1
cost-prohibitive,1
material amounts,1
more successful,1
direct relationships,1
most other,1
continued success,1
not solicited,1
already engage,1
co-branding efforts,1
co-branding,1
other relationships,1
increasingly depend,1
other processors,1
new systems,1
end-to-end processing,1
end-to-end,1
corporate clients,1
external perceptions,1
not believe,1
broad latitude,1
limited control,1
minimum amount,1
adverse developments,1
legislative scrutiny,1
excess housing,1
additional government,1
sovereign,1
commercial debt,1
political issues,1
national debt,1
new government,1
mature economies,1
current situation,1
additional negative,1
economic developments,1
other national,1
economic stimulus,1
significant increases,1
significant decline,1
economic situation,1
particularly unstable,1
unstable,1
real prospect,1
other nations,1
own instability,1
highly significant,1
governmental influence,1
potential changes,1
regulatory bodies,1
economic crisis,1
historically been,1
several ways,1
depressed consumer,1
depressed,1
prepaid assets,1
cost-reduction initiatives,1
cost-reduction,1
additional expense,1
cost-recovery initiative,1
cost-recovery,1
regulatory action,1
strategic direction,1
further downgrade,1
substantial portion,1
reasons unrelated,1
unrelated,1
recently demonstrated,1
extreme volatility,1
extreme,1
additional declines,1
significant instability,1
significant amount,1
different currency,1
world geopolitical,1
geopolitical economic,1
geopolitical,1
other conditions,1
different currencies,1
otherwise affect,1
competitive pressures,1
other reasons,1
important part,1
not maintain,1
negative perception,1
other positions,1
unlimited,1
concurrent settlement,1
concurrent,1
financial resources,1
systemic,1
operational failures,1
single day,1
such failure,1
sufficient liquidity,1
such payment,1
significant losses,1
such settlement,1
not process,1
other technology,1
long distance,1
local telecommunications,1
physical,1
computer-based attacks,1
computer-based,1
such attacks,1
not detected,1
sure,1
timely transmission,1
global data,1
natural disaster,1
operational disruption,1
other reason,1
materially reduce,1
not keep,1
rapid significant,1
smart cards,1
smart,1
contactless cards,1
not predict,1
potential competitors,1
technologies applicable,1
superior,1
obsolete,1
industry-wide standards,1
industry-wide,1
third-party processors,1
sensitive cardholder,1
protracted litigation,1
protracted,1
such lawsuits,1
additional regulation,1
illegal activity,1
sophisticated methods,1
sophisticated,1
fraudulent transactions,1
substantially deployed,1
own systems,1
independent system,1
business due,1
respective systems,1
inter-territory transactions,1
inter-territory,1
little ability,1
limited recourse,1
broad rights,1
global rule,1
positive return,1
not terminate,1
uncured breach,1
uncured,1
extremely,1
limited circumstances,1
other features,1
also raise,1
thereunder,1
new entities,1
substantial costs,1
outstanding capital,1
sufficient financing,1
reasonable terms,1
not do,1
cost-effectively,1
senior management,1
many regulations,1
regulatory disputes,1
quarterly adjustments,1
not remain,1
organizationally effective,1
organizationally,1
increasingly challenging,1
challenging competitive,1
increasingly centralized,1
effectively integrate,1
actively work,1
actively,1
global perspective,1
unsatisfactory,1
current competitive,1
nimbly,1
new opportunities,1
not make,1
important decisions,1
seamlessly,1
new governance,1
managerial,1
organizational processes,1
clearly,1
vital,1
not offer,1
terms competitive,1
viable succession,1
viable,1
inadequate depth,1
institutional knowledge,1
chief executive,1
chief,1
not assure,1
effective transition,1
new businesses,1
strategic acquisitions,1
complementary businesses,1
complementary,1
successfully finance,1
otherwise have,1
other acquisitions,1
major investments,1
regulatory constraints,1
not increase,1
potential acquisitions,1
not guarantee,1
such acquisitions,1
not engaged,1
organic development,1
organic,1
relative inexperience,1
such businesses,1
additional resources,1
additional degree,1
future sales,1
also suffer,1
still,1
back,1
certain significant,1
corporate transactions,1
significant transactions,1
other vote,1
same incentive,1
corporate action,1
otherwise conflict,1
anti-takeover provisions,1
anti-takeover,1
beneficially own,1
beneficially,1
total outstanding,1
not exceed,1
regular dividends,1
regular,1
sufficient cash,1
such dividends,1
not generate,1
equivalent dividend,1
contemporaneously declared,1
contemporaneously,1
other class,1
unresolved staff,1
unresolved,1
corporate headquarters,1
primary processing,1
adjacent office,1
adjacent,1
facility located,1
suitable,1
intra-day high,1
intra-day,1
low sale,1
fiscal quarters,1
available funds,1
outstanding class,1
available cash,1
anticipated cash,1
announced plans,1
announced,1
approximate dollar,1
restricted shares,1
future issuance,1
not approved,1
stock-based awards,1
options outstanding,1
certain provisions,1
certain acquisition,1
common share,1
historical balances,1
non-stock corporation,1
non-stock,1
comparable metric,1
metric,1
long term,1
historical basis,1
recent earnings,1
key role,1
worldwide migration,1
electronic forms,1
significant growth,1
additional opportunities,1
competitive position,1
different constituencies,1
modest global,1
broad platform,1
substantial value,1
overall payments,1
competitive business,1
prepared,1
non-cash non-operating,1
reported income,1
diluted shares,1
not indicative,1
potential purchase,1
key drivers,1
worldwide shift,1
nominal dollars,1
prepaid volume,1
subsequent adjustments,1
fiscal periods,1
primarily generated,1
generally responsible,1
primarily earned,1
secure centralized,1
cross-border volumes,1
recently acquired,1
stock-based compensation,1
other data,1
related promotions,1
professional services,1
other corporate,1
overhead expenses,1
overhead,1
fixed-income securities,1
fixed-income,1
other cost,1
contractual arrangement,1
likely moderate,1
overall strengthening,1
regional currencies,1
general weakening,1
general strengthening,1
certain client,1
various geographies,1
slightly,1
strategic pricing,1
formerly known,1
formerly,1
also reflected,1
other license,1
long-term client,1
likely impact,1
gross revenues,1
actual amount,1
long-term customer,1
one-time incentives,1
one-time,1
early renewals,1
new employees,1
other increases,1
cost due,1
additional salary,1
non-visa networks,1
reflective,1
incremental investment,1
key country,1
modest incremental,1
additional investment,1
new service,1
incremental basis,1
additional depreciation,1
east coast,1
east,1
potential government,1
international geographies,1
significant litigation,1
% other,1
first half,1
pre-tax gains,1
rates applicable,1
potential related,1
non-cash impact,1
regularly evaluate,1
additional funds,1
manner consistent,1
corporate objectives,1
timely completion,1
planned capital,1
planned,1
excess cash,1
short term,1
current cash,1
long-term liquidity,1
potential sources,1
supplemental liquidity,1
supplemental,1
current economic,1
relevant circumstances,1
year-to-date net,1
year-to-date,1
other significant,1
annual incentive,1
consistent year,1
primarily including,1
year due,1
also received,1
also purchased,1
contractually-required redemption,1
contractually-required,1
certain series,1
primary sources,1
various equity,1
foreign subsidiaries,1
indefinitely reinvest,1
current plans,1
not demonstrate,1
liquid securities,1
government-sponsored agencies,1
certain securities,1
ongoing strength,1
certain covenants,1
default customary,1
short-term cash,1
obligations outstanding,1
financial covenants,1
stable p-1,1
p-1 stable,1
stable long-term,1
stable a1,1
a1 stable,1
reasonable circumstances,1
significantly downgraded,1
future borrowing,1
consistent liquidity,1
same day,1
not result,1
net receivable,1
payable balance,1
effectively repurchase,1
repurchased shares,1
repurchased,1
quarterly dividend,1
quarterly dividends,1
subsequent equity,1
dramatically based,1
dramatically,1
ultimate obligation,1
total obligation,1
same range,1
necessarily indicative,1
necessarily,1
various qualified,1
qualified,1
nonqualified pension,1
typically fund,1
positive impact,1
actual contribution,1
strategic partnerships,1
other uses,1
independent sources,1
global credit,1
20-year lease,1
20-year,1
not made,1
contractually committed,1
contractually,1
future obligation,1
available credit,1
payments due,1
years total,1
significant terms,1
minimum quantities,1
variable price,1
approximate timing,1
corresponding payments,1
related amounts,1
contractual sponsorship,1
certain advertising,1
promotional rights,1
minimum amounts,1
individual years,1
not specified,1
also accrued,1
not determine,1
ultimate amount,1
reliably estimated,1
also been,1
such amounts,1
appropriately governed,1
appropriately,1
consistently,1
such differences,1
most critical,1
fully understand,1
complex management,1
inherently uncertain,1
inherently,1
unpredictable,1
transactional information,1
transactional,1
historical information,1
actual performance,1
recoverable cash,1
net revenue,1
cumulative impact,1
such revisions,1
gross operating,1
further detail,1
further discussion,1
stand-alone basis,1
stand-alone,1
relative difference,1
price-to-earnings multiples,1
price-to-earnings,1
multiples applicable,1
quantitative measures,1
quantitatively,1
average stock,1
median estimate,1
next calendar,1
immediately following,1
median earnings,1
institutional brokers,1
qualitatively evaluating,1
qualitatively,1
short-term market,1
other non-company,1
non-company,1
specific market,1
short-term indicators,1
consistent methodology,1
other estimates,1
successful shift,1
for-profit business,1
overly,1
significant assumption,1
later years,1
heavily discounted,1
subsequently required,1
weighted-average cost,1
competitive environment,1
macroeconomic situation,1
indefinite lives,1
significant market,1
strong revenue,1
historical retention,1
finite,1
related goodwill,1
overall performance,1
overall market,1
regulatory matters,1
currently involved,1
complete control,1
prolonged periods,1
prolonged,1
such loss,1
in-house,1
inherent uncertainties,1
regulatory processes,1
multiple jurisdictions,1
certain tax,1
also required,1
only be,1
partially sustained,1
sustained,1
successfully challenge,1
economic loss,1
significant interest,1
risk due,1
short period,1
aggregate risk,1
not hold,1
speculative purposes,1
currency-denominated transactions,1
currency-denominated,1
non-u.s. locations,1
non-u.s. dollar,1
entirely eliminate,1
rolling hedge,1
rolling,1
clients relative,1
daily operating,1
adjustable-rate securities,1
adversely impacted,1
materially impacted,1
sudden change,1
sudden,1
fixed-rate investment,1
adjustable-rate debt,1
adverse decline,1
risk quantitative,1
other procedures,1
reasonable basis,1
external purposes,1
reasonable detail,1
as necessary,1
timely detection,1
unauthorized acquisition,1
paid-in capital,1
paid-in,1
net investment,1
available-for-sale net,1
net unrealized,1
net gain,1
hedges net,1
net loss,1
other comprehensive,1
deferred income,1
accounts payable,1
note payable,1
single transaction,1
not become,1
rather remained,1
european member,1
consolidated subsidiaries,1
independent responsibility,1
consolidated entities,1
majority-owned,1
controlled entities,1
controlled,1
variable interest,1
primary beneficiary,1
non-controlling interests,1
significant intercompany,1
unconsolidated affiliates,1
unconsolidated,1
prior period,1
also updated,1
select captions,1
financial accounts,1
unchanged,1
reportable segment,1
reportable,1
supportive,1
significant operating,1
global business,1
insufficiently capitalized,1
insufficiently,1
not controlled,1
similar rights,1
economic performance,1
contingent assets,1
specific accounting,1
liquid investments,1
own funds,1
measures certain,1
three-level valuation,1
three-level,1
unadjusted,1
identical assets,1
not identical,1
non-active markets,1
non-active,1
also classified,1
significant management,1
specific identification,1
amortized cost,1
amortized,1
separate disclosures,1
non-credit loss,1
non-credit,1
previously recognized,1
other line,1
also used,1
entities such,1
limited partnerships,1
limited liability,1
outstanding ownership,1
not exercise,1
non-public companies,1
non-public,1
possible impairment,1
cash-litigation escrow,1
cash-litigation,1
available-for sale,1
available-for,1
accounts receivable,1
such instruments,1
otherwise disclosed,1
impracticable,1
net settlements,1
generally cleared,1
non-cash assets,1
fully offset,1
non-cash collateral,1
not depreciated,1
external costs,1
preliminary project,1
substantially complete,1
ready,1
intended use,1
intended,1
not contain,1
records identifiable,1
franchise right,1
right,1
historically performed,1
preferable,1
additional time,1
annual forecast,1
preferability letter,1
preferability,1
quarterly report,1
two-step process,1
unfavorable outcome,1
unfavorable,1
such legal,1
full payment,1
corresponding accretion,1
legal costs,1
persuasive evidence,1
persuasive,1
reasonably assured,1
predominantly,1
current quarter,1
ongoing acceptance,1
related volume,1
multiple-deliverable revenue,1
multiple-deliverable,1
combined unit,1
promotional items,1
related event,1
current income,1
future tax,1
consequences attributable,1
respective tax,1
realizable,1
combined state,1
generally been,1
actuarially evaluated,1
actuarially,1
critical assumptions,1
high quality,1
corporate bonds,1
future benefit,1
expected asset,1
expected returns,1
expected plan,1
average employee,1
future service,1
other assumptions,1
demographic factors,1
demographic,1
factors such,1
lump-sum cash,1
lump-sum,1
certain thresholds,1
annual disclosures,1
monetary assets,1
non-monetary assets,1
historical exchange,1
average exchange,1
non-functional currency,1
non-functional,1
corresponding account,1
hedge amounts,1
ineffective,1
hedge accounting,1
contractual rate,1
similar instruments,1
hedged items,1
hedged,1
only service,1
requisite service,1
requisite,1
two-class method,1
two-class,1
different rights,1
dilutive effect,1
recently issued,1
quantitative goodwill,1
indefinite-lived intangibles,1
early adopt,1
combined business,1
annual reporting,1
not impact,1
obligate,1
estimate due,1
substantial judgment,1
standalone basis,1
standalone,1
overall decrease,1
non-cash other,1
perpetual call,1
unremediated decline,1
unremediated,1
exclusive irrevocable,1
certain affiliates,1
related information,1
other sublicensees,1
annually based,1
never reduce,1
global rules,1
also guarantee,1
respective clients,1
certain relationships,1
financial payment,1
likewise,1
such obligations,1
various agreements,1
long-term portion,1
amounts available,1
insufficient,1
fully resolve,1
commercially,1
reasonable efforts,1
excess amount,1
obligations pursuant,1
interchange judgment,1
interchange,1
not allocated,1
amounts reimbursable,1
reimbursable,1
several obligation,1
judgment enforceable,1
other signatory,1
such bank,1
then-current membership,1
then-current,1
certain assets,1
significant change,1
primary activities,1
already discussed,1
inherent lack,1
certain events,1
various assumptions,1
financial metrics,1
other-than-temporarily impaired,1
other-than-temporarily,1
substantially received,1
pro-rata ownership,1
pro-rata,1
assets such,1
non-financial liabilities,1
initial recognition,1
external data,1
contractual maturity,1
contractual maturities,1
certain obligations,1
due date,1
securities-trading assets,1
securities-trading,1
respective acquisition,1
certain revenue,1
excess purchase,1
related fraud,1
other synergies,1
second reporting,1
incremental growth,1
non-current liabilities,1
total amortizable,1
amortizable,1
original grant,1
also expensed,1
acquisition-related costs,1
acquisition-related,1
contingent consideration,1
consideration related,1
tax receivable,1
privately-held companies,1
privately-held,1
total property,1
total finite-lived,1
impairment related,1
deferred revenue,1
principal amount,1
unamortized discount,1
unamortized,1
other costs,1
total debt,1
similar notes,1
b senior,1
entire note,1
make-whole premium,1
certain office,1
make-whole premiums,1
outstanding obligations,1
defaults customary,1
related covenants,1
sponsors various,1
30-year,1
combined effects,1
former employees,1
future pension,1
additional participants,1
minimum age,1
monthly basis,1
same coverage,1
generally available,1
active employees,1
current liability,1
non-current liability,1
net benefit,1
total loss,1
long-term rate,1
% net,1
corporate bond,1
such factors,1
historical rates,1
prospective capital,1
prospective,1
economic forecasts,1
assumed,1
annual rate,1
future increases,1
future rates,1
long-term perspective,1
adequate level,1
external investment,1
independent consultant,1
broadly diversified,1
prudent level,1
prudent,1
current target,1
primarily consisting,1
near term,1
near,1
above categories,1
unsettled transactions,1
short-term obligation,1
over-the-counter,1
related assets,1
unregistered investment,1
unregistered,1
fiduciary clients,1
other employee,1
other securities,1
ultimately invested,1
common stocks,1
own unit,1
directly observable,1
foreign corporations,1
various types,1
mortgage-backed securities,1
mortgage-backed,1
regularly traded,1
reported bid,1
mutual funds,1
net asset,1
not restricted,1
benefits other,1
actual employer,1
expenses attributable,1
point-of-sale check,1
point-of-sale,1
company due,1
daily volumes,1
average chargebacks,1
total balance,1
outstanding travelers,1
global settlement,1
other collateral,1
irrevocable guarantees,1
routinely,1
financial viability,1
minimum losses,1
probability-weighted value,1
probability-weighted,1
derivative contracts,1
instruments outstanding,1
outstanding mature,1
certain operational,1
such cash,1
hedge transactions,1
prospectively,1
retrospectively,1
derivative instrument,1
effective portion,1
not occur,1
related gains,1
not consider,1
partially mitigate,1
certain counterparties,1
net liability,1
adequately protect,1
geographic area,1
geographic market,1
certain revenues,1
international service,1
geographic locations,1
individual country,1
separate deposits,1
weighted-average repurchase,1
volume-weighted,1
not convertible,1
finally resolved,1
other holders,1
automatically convert,1
automatically,1
follow-on offering,1
corresponding decrease,1
corresponding increase,1
certain terms,1
redeemable,1
non-redeemable,1
preferred stock,1
votes equal,1
quarterly rate,1
proportional ownership,1
proportional,1
weighted number,1
incremental shares,1
unearned performance,1
unearned,1
anti-dilutive,1
average numbers,1
share-based payment,1
non-forfeitable rights,1
non-forfeitable,1
non-employee directors,1
non-employee,1
previously issued,1
subsequently acquired,1
stock available,1
effective date,1
graded-vesting basis,1
graded-vesting,1
historical actual,1
immediate recognition,1
eligible retirement,1
capitalized,1
risk-free rate,1
risk-free,1
% weighted-average,1
publicly traded,1
relatively short,1
annual dividend,1
weighted-average exercise,1
options exercisable,1
unvested options,1
same voting,1
not participate,1
rsu outstanding,1
non-vested rsas,1
ultimate number,1
total shareholder,1
two-year period,1
two-year,1
grant-date,1
one-year period,1
one-year,1
additional performance,1
equal installments,1
total rent,1
minimum payments,1
certain amount,1
exact year,1
fixed payments,1
select sponsorship,1
other activities,1
monetary values,1
actual costs,1
original terms,1
primarily amortized,1
not limit,1
actual amounts,1
other contingencies,1
clients pursuant,1
overall size,1
non-executive board,1
non-executive,1
exclusively,1
independent directors,1
directors effective,1
non-u.s. clients,1
current taxes,1
significant portions,1
ultimate realization,1
substantial restrictions,1
fully utilize,1
also had,1
federal carryforwards,1
federal alternative,1
minimum tax,1
not expire,1
pretax income,1
pretax,1
taxes due,1
other net,1
international subsidiaries,1
such earnings,1
practically determinable,1
practically,1
additional requirements,1
satisfied,1
conditional,1
certain employment,1
partially be,1
total gross,1
significant areas,1
final outcome,1
outstanding refund,1
federal statutes,1
various state,1
material state,1
various legal,1
unascertainable damages,1
unascertainable,1
established reserves,1
possible loss,1
not relate,1
probable loss,1
strong defenses,1
outstanding litigation,1
own behalf,1
activity related,1
non-covered litigation,1
non-covered,1
settled,1
previously recorded,1
discounted amount,1
related case,1
respective members,1
final settlement,1
net share,1
potential claims,1
separate agreement,1
agreement related,1
fully satisfied,1
maximum payments,1
initial payment,1
additional amount,1
quarterly settlement,1
also covered,1
discounted value,1
quarterly payments,1
global network,1
maximum payment,1
future quarter,1
as was,1
actually paid,1
actually,1
far,1
corresponding settlement,1
alleged class,1
unlawful restraints,1
also pending,1
potentially have,1
facts sufficient,1
also held,1
indirect purchasers,1
not recover,1
antitrust damages,1
not seek,1
also named,1
purported setting,1
purported class,1
individual merchants,1
generally brought,1
unfair competition,1
interchange-related cases,1
interchange-related,1
certain member,1
offline debit,1
offline,1
so-called,1
anti-steering,1
alleged tie,1
unwound,1
not assigned,1
not impacted,1
also moved,1
intra-network damages,1
intra-network,1
post-ipo conduct,1
partial summary,1
rules post-ipo,1
expert reports,1
expert,1
mediated resolution,1
mediated,1
substantial hurdles,1
financial terms,1
not probable,1
many material,1
mixed progress,1
mixed,1
numerous motions,1
entire matter,1
antitrust class,1
later consolidated,1
validly presented,1
validly,1
rule such,1
annual installments,1
final order,1
30-day appeal,1
different states,1
state antitrust,1
excessive merchant,1
excessive,1
similar motion,1
unlawful unfair,1
fraudulent business,1
certain elements,1
certain respects,1
other objectors,1
representative,1
challenging currency,1
federal class,1
federal complaints,1
separately identify,1
foreign country,1
various appeals,1
such appeals,1
ineligible,1
restrictive business,1
restrictive,1
full responsibility,1
venezuelan market,1
constitutional objection,1
constitutional,1
new decision,1
further appeal,1
again decided,1
again,1
appellate ruling,1
appellate judge,1
declarative injunctive,1
declarative,1
monetary relief,1
new judge,1
venezuelan food,1
investigative demand,1
potential violation,1
narrative responses,1
narrative,1
several interrogatories,1
major payment,1
attorney general,1
other state,1
general offices,1
similar information,1
additional states,1
apart,1
partial reimbursement,1
monetary obligation,1
public comments,1
further hearing,1
administrative proceeding,1
sic,1
certain debit,1
immediate debit,1
legally binding,1
meanwhile,1
cost-of-cash study,1
cost-of-cash,1
oral notification,1
oral,1
civil inquiry,1
voluntary draft,1
certain merchant,1
such requests,1
purported civil,1
follow-on case,1
not provide,1
civil cause,1
unspecified money,1
supra-competitive default,1
supra-competitive,1
anticompetitive effect,1
anticompetitive,1
similar relief,1
restricted spending,1
commercial cards,1
declaratory judgment,1
not infringing,1
amended answer,1
improperly refused,1
later added,1
similar lawsuit,1
inadequate disclosure,1
preliminary proxy,1
now captioned,1
not require,1
formal settlement,1
not breached,1
also closed,1
such proceedings,1
online purchases,1
also incurring,1
unauthorized passing,1
allegedly aided,1
additional claims,1
improperly accessed,1
pretrial proceedings,1
pretrial,1
other states,1
preliminary approval,1
previously reported,1
contractual indemnity,1
presently known,1
presently,1
federal court,1
such state,1
treble damages,1
treble,1
subsequent events,1
quarterly operating,1
such information,1
timely decisions,1
certain assumptions,1
not achieve,1
future conditions,1
not absolute,1
internal controls,1
materially affected,1
reasonably likely,1
materially affect,1
statement pursuant,1
therein,1
such incorporation,1
other information,1
also available,1
transactions pursuant,1
independence pursuant,1
previously filed,1
hereby incorporated,1
hereby,1
duly caused,1
thereunto,1
duly authorized,1
executive officer,1
executive,1
financial officer,1
signatory banks,1
signatory,1
other signatories,1
global restructuring,1
excess thrift,1
incentive plan,1
incentive,1
following materials,1
confidential treatment,1
herewith,1
publicly filed,1
related format,1
furnished documents,1
furnished,1
otherwise subject,1
other document,1
expressly set,1
expressly,1
specific reference,1
